-- MySQL dump 10.13  Distrib 5.7.32, for Linux (x86_64)
--
-- Host: localhost    Database: classroom
-- ------------------------------------------------------
-- Server version	5.7.32-0ubuntu0.16.04.1

/*!40101 SET @OLD_CHARACTER_SET_CLIENT=@@CHARACTER_SET_CLIENT */;
/*!40101 SET @OLD_CHARACTER_SET_RESULTS=@@CHARACTER_SET_RESULTS */;
/*!40101 SET @OLD_COLLATION_CONNECTION=@@COLLATION_CONNECTION */;
/*!40101 SET NAMES utf8 */;
/*!40103 SET @OLD_TIME_ZONE=@@TIME_ZONE */;
/*!40103 SET TIME_ZONE='+00:00' */;
/*!40014 SET @OLD_UNIQUE_CHECKS=@@UNIQUE_CHECKS, UNIQUE_CHECKS=0 */;
/*!40014 SET @OLD_FOREIGN_KEY_CHECKS=@@FOREIGN_KEY_CHECKS, FOREIGN_KEY_CHECKS=0 */;
/*!40101 SET @OLD_SQL_MODE=@@SQL_MODE, SQL_MODE='NO_AUTO_VALUE_ON_ZERO' */;
/*!40111 SET @OLD_SQL_NOTES=@@SQL_NOTES, SQL_NOTES=0 */;

--
-- Table structure for table `departments`
--

DROP TABLE IF EXISTS `departments`;
/*!40101 SET @saved_cs_client     = @@character_set_client */;
/*!40101 SET character_set_client = utf8 */;
CREATE TABLE `departments` (
  `id` int(11) NOT NULL AUTO_INCREMENT,
  `name` varchar(30) NOT NULL,
  PRIMARY KEY (`id`)
) ENGINE=InnoDB AUTO_INCREMENT=26 DEFAULT CHARSET=latin1;
/*!40101 SET character_set_client = @saved_cs_client */;

--
-- Dumping data for table `departments`
--

LOCK TABLES `departments` WRITE;
/*!40000 ALTER TABLE `departments` DISABLE KEYS */;
INSERT INTO `departments` VALUES (1,'Amazonas'),(2,'Ancash'),(3,'Apurimac'),(4,'Arequipa'),(5,'Ayacucho'),(6,'Cajamarca'),(7,'Callao'),(8,'Cuzco'),(9,'Huancavelica'),(10,'Huánuco'),(11,'Ica'),(12,'Junin'),(13,'La Libertad'),(14,'Lambayeque'),(15,'Lima'),(16,'Loreto'),(17,'Madre de Dios'),(18,'Moquegua'),(19,'Pasco'),(20,'Piura'),(21,'Puno'),(22,'San Martín'),(23,'Tacna'),(24,'Tumbes'),(25,'Ucayali');
/*!40000 ALTER TABLE `departments` ENABLE KEYS */;
UNLOCK TABLES;

--
-- Table structure for table `districts`
--

DROP TABLE IF EXISTS `districts`;
/*!40101 SET @saved_cs_client     = @@character_set_client */;
/*!40101 SET character_set_client = utf8 */;
CREATE TABLE `districts` (
  `id` int(11) NOT NULL AUTO_INCREMENT,
  `name` varchar(30) NOT NULL,
  `province_id` int(11) DEFAULT NULL,
  PRIMARY KEY (`id`),
  KEY `province_id` (`province_id`),
  CONSTRAINT `districts_ibfk_1` FOREIGN KEY (`province_id`) REFERENCES `provinces` (`id`) ON DELETE CASCADE
) ENGINE=InnoDB AUTO_INCREMENT=1834 DEFAULT CHARSET=latin1;
/*!40101 SET character_set_client = @saved_cs_client */;

--
-- Dumping data for table `districts`
--

LOCK TABLES `districts` WRITE;
/*!40000 ALTER TABLE `districts` DISABLE KEYS */;
INSERT INTO `districts` VALUES (1,'Chachapoyas',1),(2,'Asuncion',1),(3,'Balsas',1),(4,'Cheto',1),(5,'Chiliquin',1),(6,'Chuquibamba',1),(7,'Granada',1),(8,'Huancas',1),(9,'La Jalca',1),(10,'Leimebamba',1),(11,'Levanto',1),(12,'Magdalena',1),(13,'Mariscal Castilla',1),(14,'Molinopampa',1),(15,'Montevideo',1),(16,'Olleros',1),(17,'Quinjalca',1),(18,'San Francisco De Daguas',1),(19,'San Isidro De Maino',1),(20,'Soloco',1),(21,'Sonche',1),(22,'La Peca',2),(23,'Aramango',2),(24,'Copallin',2),(25,'El Parco',2),(26,'Imaza',2),(27,'Jumbilla',3),(28,'Chisquilla',3),(29,'Churuja',3),(30,'Corosha',3),(31,'Cuispes',3),(32,'Florida',3),(33,'Jazan',3),(37,'Valera',3),(38,'Yambrasbamba',3),(39,'Nieva',4),(40,'El Cenepa',4),(41,'Rio Santiago',4),(42,'Lamud',5),(43,'Camporredondo',5),(44,'Cocabamba',5),(45,'Colcamar',5),(46,'Conila',5),(47,'Inguilpata',5),(48,'Longuita',5),(49,'Lonya Chico',5),(50,'Luya',5),(51,'Luya Viejo',5),(52,'Maria',5),(53,'Ocalli',5),(54,'Ocumal',5),(55,'Pisuquia',5),(56,'Providencia',5),(57,'San Cristobal',5),(58,'San Francisco Del Yeso',5),(59,'San Jeronimo',5),(60,'San Juan De Lopecancha',5),(61,'Santa Catalina',5),(62,'Santo Tomas',5),(63,'Tingo',5),(64,'Trita',5),(65,'San Nicolas',6),(66,'Chirimoto',6),(67,'Cochamal',6),(68,'Huambo',6),(69,'Limabamba',6),(70,'Longar',6),(71,'Mariscal Benavides',6),(72,'Milpuc',6),(73,'Omia',6),(74,'Santa Rosa',6),(75,'Totora',6),(76,'Vista Alegre',6),(77,'Bagua Grande',7),(78,'Cajaruro',7),(79,'Cumba',7),(80,'El Milagro',7),(81,'Jamalca',7),(82,'Lonya Grande',7),(83,'Yamon',7),(84,'Huaraz',8),(85,'Cochabamba',8),(86,'Colcabamba',8),(87,'Huanchay',8),(88,'Independencia',8),(89,'Jangas',8),(90,'La Libertad',8),(91,'Olleros',8),(92,'Pampas',8),(93,'Pariacoto',8),(94,'Pira',8),(95,'Tarica',8),(96,'Aija',9),(97,'Coris',9),(98,'Huacllan',9),(99,'La Merced',9),(100,'Succha',9),(101,'Llamellin',10),(102,'Aczo',10),(103,'Chaccho',10),(104,'Chingas',10),(105,'Mirgas',10),(106,'San Juan De Rontoy',10),(107,'Chacas',11),(108,'Acochaca',11),(109,'Chiquian',12),(110,'Abelardo Pardo Lezameta',12),(111,'Antonio Raymondi',12),(112,'Aquia',12),(113,'Cajacay',12),(114,'Canis',12),(115,'Colquioc',12),(116,'Huallanca',12),(117,'Huasta',12),(118,'Huayllacayan',12),(119,'La Primavera',12),(120,'Mangas',12),(121,'Pacllon',12),(122,'San Miguel De Corpanqui',12),(123,'Ticllos',12),(124,'Carhuaz',13),(125,'Acopampa',13),(126,'Amashca',13),(127,'Anta',13),(128,'Ataquero',13),(129,'Marcara',13),(130,'Pariahuanca',13),(131,'San Miguel De Aco',13),(132,'Shilla',13),(133,'Tinco',13),(134,'Yungar',13),(135,'San Luis',14),(136,'San Nicolas',14),(137,'Yauya',14),(138,'Casma',15),(139,'Buena Vista Alta',15),(140,'Comandante Noel',15),(141,'Yautan',15),(142,'Corongo',16),(143,'Aco',16),(144,'Bambas',16),(145,'Cusca',16),(146,'La Pampa',16),(147,'Yanac',16),(148,'Yupan',16),(149,'Huari',17),(150,'Anra',17),(151,'Cajay',17),(152,'Chavin De Huantar',17),(153,'Huacachi',17),(154,'Huacchis',17),(155,'Huachis',17),(156,'Huantar',17),(157,'Masin',17),(158,'Paucas',17),(159,'Ponto',17),(160,'Rahuapampa',17),(161,'Rapayan',17),(162,'San Marcos',17),(163,'San Pedro De Chana',17),(164,'Uco',17),(165,'Huarmey',18),(166,'Cochapeti',18),(167,'Culebras',18),(168,'Huayan',18),(169,'Malvas',18),(170,'Caraz',19),(171,'Huallanca',19),(172,'Huata',19),(173,'Huaylas',19),(174,'Mato',19),(175,'Pamparomas',19),(176,'Pueblo Libre',19),(177,'Santa Cruz',19),(178,'Santo Toribio',19),(179,'Yuracmarca',19),(180,'Piscobamba',20),(181,'Casca',20),(182,'Eleazar Guzman Barron',20),(183,'Fidel Olivas Escudero',20),(184,'Llama',20),(185,'Llumpa',20),(186,'Lucma',20),(187,'Musga',20),(188,'Ocros',21),(189,'Acas',21),(190,'Cajamarquilla',21),(191,'Carhuapampa',21),(192,'Cochas',21),(193,'Congas',21),(194,'Llipa',21),(195,'San Cristobal De Rajan',21),(196,'San Pedro',21),(197,'Santiago De Chilcas',21),(198,'Cabana',22),(199,'Bolognesi',22),(200,'Conchucos',22),(201,'Huacaschuque',22),(202,'Huandoval',22),(203,'Lacabamba',22),(204,'Llapo',22),(205,'Pallasca',22),(206,'Pampas',22),(207,'Santa Rosa',22),(208,'Tauca',22),(209,'Pomabamba',23),(210,'Huayllan',23),(211,'Parobamba',23),(212,'Quinuabamba',23),(213,'Recuay',24),(214,'Catac',24),(215,'Cotaparaco',24),(216,'Huayllapampa',24),(217,'Llacllin',24),(218,'Marca',24),(219,'Pampas Chico',24),(220,'Pararin',24),(221,'Tapacocha',24),(222,'Ticapampa',24),(223,'Chimbote',25),(224,'Caceres Del Peru',25),(225,'Coishco',25),(226,'Macate',25),(227,'Moro',25),(228,'Nepeña',25),(229,'Samanco',25),(230,'Santa',25),(231,'Nuevo Chimbote',25),(232,'Sihuas',26),(233,'Acobamba',26),(234,'Alfonso Ugarte',26),(235,'Cashapampa',26),(236,'Chingalpo',26),(237,'Huayllabamba',26),(238,'Quiches',26),(239,'Ragash',26),(240,'San Juan',26),(241,'Sicsibamba',26),(242,'Yungay',27),(243,'Cascapara',27),(244,'Mancos',27),(245,'Matacoto',27),(246,'Quillo',27),(247,'Ranrahirca',27),(248,'Shupluy',27),(249,'Yanama',27),(250,'Abancay',28),(251,'Chacoche',28),(252,'Circa',28),(253,'Curahuasi',28),(254,'Huanipaca',28),(255,'Lambrama',28),(256,'Pichirhua',28),(257,'San Pedro De Cachora',28),(258,'Tamburco',28),(259,'Andahuaylas',29),(260,'Andarapa',29),(261,'Chiara',29),(262,'Huancarama',29),(263,'Huancaray',29),(264,'Huayana',29),(265,'Kishuara',29),(266,'Pacobamba',29),(267,'Pacucha',29),(268,'Pampachiri',29),(269,'Pomacocha',29),(270,'San Antonio De Cachi',29),(271,'San Jeronimo',29),(272,'San Miguel De Chaccrampa',29),(273,'Santa Maria De Chicmo',29),(274,'Talavera',29),(275,'Tumay Huaraca',29),(276,'Turpo',29),(277,'Kaquiabamba',29),(278,'Antabamba',30),(279,'El Oro',30),(280,'Huaquirca',30),(281,'Juan Espinoza Medrano',30),(282,'Oropesa',30),(283,'Pachaconas',30),(284,'Sabaino',30),(285,'Chalhuanca',31),(286,'Capaya',31),(287,'Caraybamba',31),(288,'Chapimarca',31),(289,'Colcabamba',31),(290,'Cotaruse',31),(291,'Huayllo',31),(292,'Justo Apu Sahuaraura',31),(293,'Lucre',31),(294,'Pocohuanca',31),(295,'San Juan De Chacña',31),(296,'Sañayca',31),(297,'Soraya',31),(298,'Tapairihua',31),(299,'Tintay',31),(300,'Toraya',31),(301,'Yanaca',31),(302,'Tambobamba',32),(303,'Cotabambas',32),(304,'Coyllurqui',32),(305,'Haquira',32),(306,'Mara',32),(307,'Challhuahuacho',32),(308,'Chincheros',33),(309,'Anco-Huallo',33),(310,'Cocharcas',33),(311,'Huaccana',33),(312,'Ocobamba',33),(313,'Ongoy',33),(314,'Uranmarca',33),(315,'Ranracancha',33),(316,'Chuquibambilla',34),(317,'Curpahuasi',34),(318,'Gamarra',34),(319,'Huayllati',34),(320,'Mamara',34),(321,'Micaela Bastidas',34),(322,'Pataypampa',34),(323,'Progreso',34),(324,'San Antonio',34),(325,'Santa Ros a',34),(326,'Turpay',34),(327,'Vilcabamba',34),(328,'Virundo',34),(329,'Curasco',34),(330,'Arequipa',35),(331,'Alto Selva Alegre',35),(332,'Cayma',35),(333,'Cerro Colorado',35),(334,'Characato',35),(335,'Chiguata',35),(336,'Jacobo Hunter',35),(337,'La Joya',35),(338,'Mariano Melgar',35),(339,'Miraflores',35),(340,'Mollebaya',35),(341,'Paucarpata',35),(342,'Pocsi',35),(343,'Polobaya',35),(344,'Quequeña',35),(345,'Sabandia',35),(346,'Sachaca',35),(347,'San Juan De Siguas',35),(348,'San Juan De Tarucani',35),(349,'Santa Isabel De Siguas',35),(350,'Santa Rita De Siguas',35),(351,'Socabaya',35),(352,'Tiabaya',35),(353,'Uchumayo',35),(354,'Vitor',35),(355,'Yanahuara',35),(356,'Yarabamba',35),(357,'Yura',35),(358,'Jose Luis Bustamante Y Rive',35),(359,'Camana',36),(360,'Jose Maria Quimper',36),(361,'Mariano Nicolas Valcarcel',36),(362,'Mariscal Caceres',36),(363,'Nicolas De Pierola',36),(364,'Ocoña',36),(365,'Quilca',36),(366,'Samuel Pastor',36),(367,'Caraveli',37),(368,'Acari',37),(369,'Atico',37),(370,'Atiquipa',37),(371,'Bella Union',37),(372,'Cahuacho',37),(373,'Chala',37),(374,'Chaparra',37),(375,'Huanuhuanu',37),(376,'Jaqui',37),(377,'Lomas',37),(378,'Quicacha',37),(379,'Yauca',37),(380,'Aplao',38),(381,'Andagua',38),(382,'Ayo',38),(383,'Chachas',38),(384,'Chilcaymarca',38),(385,'Choco',38),(386,'Huancarqui',38),(387,'Machaguay',38),(388,'Orcopampa',38),(389,'Pampacolca',38),(390,'Tipan',38),(391,'Uñon',38),(392,'Uraca',38),(393,'Viraco',38),(394,'Chivay',39),(395,'Achoma',39),(396,'Cabanaconde',39),(397,'Callalli',39),(398,'Caylloma',39),(399,'Coporaque',39),(400,'Huambo',39),(401,'Huanca',39),(402,'Ichupampa',39),(403,'Lari',39),(404,'Lluta',39),(405,'Maca',39),(406,'Madrigal',39),(407,'San Antonio De Chuca',39),(408,'Sibayo',39),(409,'Tapay',39),(410,'Tisco',39),(411,'Tuti',39),(412,'Yanque',39),(413,'Majes',39),(414,'Chuquibamba',40),(415,'Andaray',40),(416,'Cayarani',40),(417,'Chichas',40),(418,'Iray',40),(419,'Rio Grande',40),(420,'Salamanca',40),(421,'Yanaquihua',40),(422,'Chuquibamba',41),(423,'Andaray',41),(424,'Cayarani',41),(425,'Chichas',41),(426,'Iray',41),(427,'Rio Grande',41),(428,'Salamanca',41),(429,'Yanaquihua',41),(430,'Cotahuasi',42),(431,'Alca',42),(432,'Charcana',42),(433,'Huaynacotas',42),(434,'Pampamarca',42),(435,'Puyca',42),(436,'Quechualla',42),(437,'Sayla',42),(438,'Tauria',42),(439,'Tomepampa',42),(440,'Toro',42),(441,'Ayacucho',43),(442,'Acocro',43),(443,'Acos Vinchos',43),(444,'Carmen Alto',43),(445,'Chiara',43),(446,'Ocros',43),(447,'Pacaycasa',43),(448,'Quinua',43),(449,'San Jose De Ticllas',43),(450,'San Juan Bautista',43),(451,'Santiago De Pischa',43),(452,'Socos',43),(453,'Tambillo',43),(454,'Vinchos',43),(455,'Jesus Nazareno',43),(456,'Cangallo',44),(457,'Chuschi',44),(458,'Los Morochucos',44),(459,'Maria Parado De Bellido',44),(460,'Paras',44),(461,'Totos',44),(462,'Sancos',45),(463,'Carapo',45),(464,'Sacsamarca',45),(465,'Santiago De Lucanamarca',45),(466,'Huanta',46),(467,'Ayahuanco',46),(468,'Huamanguilla',46),(469,'Iguain',46),(470,'Luricocha',46),(471,'Santillana',46),(472,'Sivia',46),(473,'Llochegua',46),(474,'San Miguel',47),(475,'Anco',47),(476,'Ayna',47),(477,'Chilcas',47),(478,'Chungui',47),(479,'Luis Carranza',47),(480,'Santa Rosa',47),(481,'Tambo',47),(482,'Puquio',48),(483,'Aucara',48),(484,'Cabana',48),(485,'Carmen Salcedo',48),(486,'Chaviña',48),(487,'Chipao',48),(488,'Huac-Huas',48),(489,'Laramate',48),(490,'Leoncio Prado',48),(491,'Llauta',48),(492,'Lucanas',48),(493,'Ocaña',48),(494,'Otoca',48),(495,'Saisa',48),(496,'San Cristobal',48),(497,'San Juan',48),(498,'San Pedro',48),(499,'San Pedro De Palco',48),(500,'Sancos',48),(501,'Santa Ana De Huaycahuacho',48),(502,'Santa Lucia',48),(503,'Coracora',49),(504,'Chumpi',49),(505,'Coronel Castaðeda',49),(506,'Pacapausa',49),(507,'Pullo',49),(508,'Puyusca',49),(509,'San Francisco De Ravacayco',49),(510,'Upahuacho',49),(511,'Pausa',50),(512,'Colta',50),(513,'Corculla',50),(514,'Lampa',50),(515,'Marcabamba',50),(516,'Oyolo',50),(517,'Pararca',50),(518,'San Javier De Alpabamba',50),(519,'San Jose De Ushua',50),(520,'Sara Sara',50),(521,'Querobamba',51),(522,'Belen',51),(523,'Chalcos',51),(524,'Chilcayoc',51),(525,'Huacaña',51),(526,'Morcolla',51),(527,'Paico',51),(528,'San Pedro De Larcay',51),(529,'San Salvador De Quije',51),(530,'Santiago De Paucaray',51),(531,'Soras',51),(532,'Huancapi',52),(533,'Alcamenca',52),(534,'Apongo',52),(535,'Asquipata',52),(536,'Canaria',52),(537,'Cayara',52),(538,'Colca',52),(539,'Huamanquiquia',52),(540,'Huancaraylla',52),(541,'Huaya',52),(542,'Sarhua',52),(543,'Vilcanchos',52),(544,'Vilcas Huaman',53),(545,'Accomarca',53),(546,'Carhuanca',53),(547,'Concepcion',53),(548,'Huambalpa',53),(549,'Independencia',53),(550,'Saurama',53),(551,'Vischongo',53),(552,'Cajamarca',54),(553,'Asuncion',54),(554,'Chetilla',54),(555,'Cospan',54),(556,'Encañada',54),(557,'Jesus',54),(558,'Llacanora',54),(559,'Los Baños Del Inca',54),(560,'Magdalena',54),(561,'Matara',54),(562,'Namora',54),(563,'San Juan',54),(564,'Cajabamba',55),(565,'Cachachi',55),(566,'Condebamba',55),(567,'Sitacocha',55),(568,'Celendin',56),(569,'Chumuch',56),(570,'Cortegana',56),(571,'Huasmin',56),(572,'Jorge Chavez',56),(573,'Jose Galvez',56),(574,'Miguel Iglesias',56),(575,'Oxamarca',56),(576,'Sorochuco',56),(577,'Sucre',56),(578,'Utco',56),(579,'La Libertad De Pallan',56),(580,'Chota',57),(581,'Anguia',57),(582,'Chadin',57),(583,'Chiguirip',57),(584,'Chimban',57),(585,'Choropampa',57),(586,'Cochabamba',57),(587,'Conchan',57),(588,'Huambos',57),(589,'Lajas',57),(590,'Llama',57),(591,'Miracosta',57),(592,'Paccha',57),(593,'Pion',57),(594,'Querocoto',57),(595,'San Juan De Licupis',57),(596,'Tacabamba',57),(597,'Tocmoche',57),(598,'Chalamarca',57),(599,'Contumaza',58),(600,'Chilete',58),(601,'Cupisnique',58),(602,'Guzmango',58),(603,'San Benito',58),(604,'Santa Cruz De Toled',58),(605,'Tantarica',58),(606,'Yonan',58),(607,'Cutervo',59),(608,'Callayuc',59),(609,'Choros',59),(610,'Cujillo',59),(611,'La Ramada',59),(612,'Pimpingos',59),(613,'Querocotillo',59),(614,'San Andres De Cutervo',59),(615,'San Juan De Cutervo',59),(616,'San Luis De Lucma',59),(617,'Santa Cruz',59),(618,'Santo Domingo De La Capilla',59),(619,'Santo Tomas',59),(620,'Socota',59),(621,'Toribio Casanova',59),(622,'Bambamarca',60),(623,'Chugur',60),(624,'Hualgayoc',60),(625,'Jaen',61),(626,'Bellavista',61),(627,'Chontali',61),(628,'Colasay',61),(629,'Huabal',61),(630,'Las Pirias',61),(631,'Pomahuaca',61),(632,'Pucara',61),(633,'Sallique',61),(634,'San Felipe',61),(635,'San Jose Del Alto',61),(636,'Santa Rosa',61),(637,'San Ignacio',62),(638,'Chirinos',62),(639,'Huarango',62),(640,'La Coipa',62),(641,'Namballe',62),(642,'San Jose De Lourdes',62),(643,'Tabaconas',62),(644,'Pedro Galvez',63),(645,'Chancay',63),(646,'Eduardo Villanueva',63),(647,'Gregorio Pita',63),(648,'Ichocan',63),(649,'Jose Manuel Quiroz',63),(650,'Jose Sabogal',63),(651,'San Miguel',64),(652,'Bolivar',64),(653,'Calquis',64),(654,'Catilluc',64),(655,'El Prado',64),(656,'La Florida',64),(657,'Llapa',64),(658,'Nanchoc',64),(659,'Niepos',64),(660,'San Gregorio',64),(661,'San Silvestre De Cochan',64),(662,'Tongod',64),(663,'Union Agua Blanca',64),(664,'San Pablo',65),(665,'San Bernardino',65),(666,'San Luis',65),(667,'Tumbaden',65),(668,'Santa Cruz',66),(669,'Andabamba',66),(670,'Catache',66),(671,'Chancaybaños',66),(672,'La Esperanza',66),(673,'Ninabamba',66),(674,'Pulan',66),(675,'Saucepampa',66),(676,'Sexi',66),(677,'Uticyacu',66),(678,'Yauyucan',66),(679,'Callao',67),(680,'Bellavista',67),(681,'Carmen De La Legua Reynoso',67),(682,'La Perla',67),(683,'La Punta',67),(684,'Ventanilla',67),(685,'Cusco',68),(686,'Ccorca',68),(687,'Poroy',68),(688,'San Jeronimo',68),(689,'San Sebastian',68),(690,'Santiago',68),(691,'Saylla',68),(692,'Wanchaq',68),(693,'Acomayo',69),(694,'Acopia',69),(695,'Acos',69),(696,'Mosoc Llacta',69),(697,'Pomacanchi',69),(698,'Rondocan',69),(699,'Sangarara',69),(700,'Anta',70),(701,'Ancahuasi',70),(702,'Cachimayo',70),(703,'Chinchaypujio',70),(704,'Huarocondo',70),(705,'Limatambo',70),(706,'Mollepata',70),(707,'Pucyura',70),(708,'Zurite',70),(709,'Calca',71),(710,'Coya',71),(711,'Lamay',71),(712,'Lares',71),(713,'Pisac',71),(714,'San Salvador',71),(715,'Taray',71),(716,'Yanatile',71),(717,'Yanaoca',72),(718,'Checca',72),(719,'Kunturkanki',72),(720,'Langui',72),(721,'Layo',72),(722,'Pampamarca',72),(723,'Quehue',72),(724,'Tupac Amaru',72),(725,'Sicuani',73),(726,'Checacupe',73),(727,'Combapata',73),(728,'Marangani',73),(729,'Pitumarca',73),(730,'San Pablo',73),(731,'San Pedro',73),(732,'Tinta',73),(733,'Santo Tomas',74),(734,'Capacmarca',74),(735,'Chamaca',74),(736,'Colquemarca',74),(737,'Livitaca',74),(738,'Llusco',74),(739,'Quiñota',74),(740,'Velille',74),(741,'Espinar',75),(742,'Condoroma',75),(743,'Coporaque',75),(744,'Ocoruro',75),(745,'Pallpata',75),(746,'Pichigua',75),(747,'Suyckutambo',75),(748,'Alto Pichigua',75),(749,'Santa Ana',76),(750,'Echarate',76),(751,'Huayopata',76),(752,'Maranura',76),(753,'Ocobamba',76),(754,'Quellouno',76),(755,'Kimbiri',76),(756,'Santa Teresa',76),(757,'Vilcabamba',76),(758,'Pichari',76),(759,'Paruro',77),(760,'Accha',77),(761,'Ccapi',77),(762,'Colcha',77),(763,'Huanoquite',77),(764,'Omacha',77),(765,'Paccaritambo',77),(766,'Pillpinto',77),(767,'Yaurisque',77),(768,'Paucartambo',78),(769,'Caicay',78),(770,'Challabamba',78),(771,'Colquepata',78),(772,'Huancarani',78),(773,'Kosñipata',78),(774,'Urcos',79),(775,'Andahuaylillas',79),(776,'Camanti',79),(777,'Ccarhuayo',79),(778,'Ccatca',79),(779,'Cusipata',79),(780,'Huaro',79),(781,'Lucre',79),(782,'Marcapata',79),(783,'Ocongate',79),(784,'Oropesa',79),(785,'Quiquijana',79),(786,'Urubamba',80),(787,'Chinchero',80),(788,'Huayllabamba',80),(789,'Machupicchu',80),(790,'Maras',80),(791,'Ollantaytambo',80),(792,'Yucay',80),(793,'Huancavelica',81),(794,'Acobambilla',81),(795,'Acoria',81),(796,'Conayca',81),(797,'Cuenca',81),(798,'Huachocolpa',81),(799,'Huayllahuara',81),(800,'Izcuchaca',81),(801,'Laria',81),(802,'Manta',81),(803,'Mariscal Caceres',81),(804,'Moya',81),(805,'Nuevo Occoro',81),(806,'Palca',81),(807,'Pilchaca',81),(808,'Vilca',81),(809,'Yauli',81),(810,'Ascension',81),(811,'Acobamba',82),(812,'Andabamba',82),(813,'Anta',82),(814,'Caja',82),(815,'Marcas',82),(816,'Paucara',82),(817,'Pomacocha',82),(818,'Rosario',82),(819,'Lircay',83),(820,'Anchonga',83),(821,'Callanmarca',83),(822,'Ccochaccasa',83),(823,'Chincho',83),(824,'Congalla',83),(825,'Huanca-Huanca',83),(826,'Huayllay Grande',83),(827,'Julcamarca',83),(828,'San Antonio De Antaparco',83),(829,'Santo Tomas De Pata',83),(830,'Secclla',83),(831,'Castrovirreyna',84),(832,'Arma',84),(833,'Aurahua',84),(834,'Capillas',84),(835,'Chupamarca',84),(836,'Cocas',84),(837,'Huachos',84),(838,'Huamatambo',84),(839,'Mollepampa',84),(840,'San Juan',84),(841,'Santa Ana',84),(842,'Tantara',84),(843,'Ticrapo',84),(844,'Churcampa',85),(845,'Anco',85),(846,'Chinchihuasi',85),(847,'El Carmen',85),(848,'La Merced',85),(849,'Locroja',85),(850,'Paucarbamba',85),(851,'San Miguel De Mayocc',85),(852,'San Pedro De Coris',85),(853,'Pachamarca',85),(854,'Huaytara',86),(855,'Ayavi',86),(856,'Cordova',86),(857,'Huayacundo Arma',86),(858,'Laramarca',86),(859,'Ocoyo',86),(860,'Pilpichaca',86),(861,'Querco',86),(862,'Quito-Arma',86),(863,'San Antonio De Cusicancha',86),(864,'San Francisco De Sangayaico',86),(865,'San Isidro',86),(866,'Santiago De Chocorvos',86),(867,'Santiago De Quirahuara',86),(868,'Santo Domingo De Capillas',86),(869,'Tambo',86),(870,'Pampas',87),(871,'Acostambo',87),(872,'Acraquia',87),(873,'Ahuaycha',87),(874,'Colcabamba',87),(875,'Daniel Hernandez',87),(876,'Huachocolpa',87),(877,'Huando',87),(878,'Huaribamba',87),(879,'Ñahuimpuquio',87),(880,'Pazos',87),(881,'Quishuar',87),(882,'Salcabamba',87),(883,'Salcahuasi',87),(884,'San Marcos De Rocchac',87),(885,'Surcubamba',87),(886,'Tintay Puncu',87),(887,'Huanuco',88),(888,'Amarilis',88),(889,'Chinchao',88),(890,'Churubamba',88),(891,'Margos',88),(892,'Quisqui',88),(893,'San Francisco De Cayran',88),(894,'San Pedro De Chaulan',88),(895,'Santa Maria Del Valle',88),(896,'Yarumayo',88),(897,'Pillco Marca',88),(898,'Ambo',89),(899,'Cayna',89),(900,'Colpas',89),(901,'Conchamarca',89),(902,'Huacar',89),(903,'San Francisco',89),(904,'San Rafael',89),(905,'Tomay Kichwa',89),(906,'La Union',90),(907,'Chuquis',90),(908,'Marias',90),(909,'Pachas',90),(910,'Quivilla',90),(911,'Ripan',90),(912,'Shunqui',90),(913,'Sillapata',90),(914,'Yanas',90),(915,'Huacaybamba',91),(916,'Canchabamba',91),(917,'Cochabamba',91),(918,'Pinra',91),(919,'Llata',92),(920,'Arancay',92),(921,'Chavin De Pariarca',92),(922,'Jacas Grande',92),(923,'Jircan',92),(924,'Miraflores',92),(925,'Monzon',92),(926,'Punchao',92),(927,'Puños',92),(928,'Singa',92),(929,'Tantamayo',92),(930,'Rupa-Rupa',93),(931,'Daniel Alomia Robles',93),(932,'Hermilio Valdizan',93),(933,'Jose Crespo Y Castillo',93),(934,'Luyando',93),(935,'Mariano Damaso Beraun',93),(936,'Huacrachuco',94),(937,'Cholon',94),(938,'San Buenaventura',94),(939,'Panao',95),(940,'Chaglla',95),(941,'Molino',95),(942,'Umari',95),(943,'Puerto Inca',96),(944,'Codo Del Pozuzo',96),(945,'Honoria',96),(946,'Tournavista',96),(947,'Yuyapichis',96),(948,'Jesus',97),(949,'Baños',97),(950,'Jivia',97),(951,'Queropalca',97),(952,'Rondos',97),(953,'San Francisco De Asis',97),(954,'San Miguel De Cauri',97),(955,'Chavinillo',98),(956,'Cahuac',98),(957,'Chacabamba',98),(958,'Aparicio Pomares',98),(959,'Jacas Chico',98),(960,'Obas',98),(961,'Pampamarca',98),(962,'Choras',98),(963,'Ica',99),(964,'La Tinguiða',99),(965,'Los Aquijes',99),(966,'Ocucaje',99),(967,'Pachacutec',99),(968,'Parcona',99),(969,'Pueblo Nuevo',99),(970,'Salas',99),(971,'San Jose De Los Molinos',99),(972,'San Juan Bautista',99),(973,'Santiago',99),(974,'Subtanjalla',99),(975,'Tate',99),(976,'Yauca Del Rosario',99),(977,'Chincha Alta',100),(978,'Alto Laran',100),(979,'Chavin',100),(980,'Chincha Baja',100),(981,'El Carmen',100),(982,'Grocio Prado',100),(983,'Pueblo Nuevo',100),(984,'San Juan De Yanac',100),(985,'San Pedro De Huacarpana',100),(986,'Sunampe',100),(987,'Tambo De Mora',100),(988,'Nazca',101),(989,'Changuillo',101),(990,'El Ingenio',101),(991,'Marcona',101),(992,'Vista Alegre',101),(993,'Palpa',102),(994,'Llipata',102),(995,'Rio Grande',102),(996,'Santa Cruz',102),(997,'Tibillo',102),(998,'Pisco',103),(999,'Huancano',103),(1000,'Humay',103),(1001,'Independencia',103),(1002,'Paracas',103),(1003,'San Andres',103),(1004,'San Clemente',103),(1005,'Tupac Amaru Inca',103),(1006,'Huancayo',104),(1007,'Carhuacallanga',104),(1008,'Chacapampa',104),(1009,'Chicche',104),(1010,'Chilca',104),(1011,'Chongos Alto',104),(1012,'Chupuro',104),(1013,'Colca',104),(1014,'Cullhuas',104),(1015,'El Tambo',104),(1016,'Huacrapuquio',104),(1017,'Hualhuas',104),(1018,'Huancan',104),(1019,'Huasicancha',104),(1020,'Huayucachi',104),(1021,'Ingenio',104),(1022,'Pariahuanca',104),(1023,'Pilcomayo',104),(1024,'Pucara',104),(1025,'Quichuay',104),(1026,'Quilcas',104),(1027,'San Agustin',104),(1028,'San Jeronimo De Tunan',104),(1029,'Saño',104),(1030,'Sapallanga',104),(1031,'Sicaya',104),(1032,'Santo Domingo De Acobamba',104),(1033,'Viques',104),(1034,'Concepcion',105),(1035,'Aco',105),(1036,'Andamarca',105),(1037,'Chambara',105),(1038,'Cochas',105),(1039,'Comas',105),(1040,'Heroinas Toledo',105),(1041,'Manzanares',105),(1042,'Mariscal Castilla',105),(1043,'Matahuasi',105),(1044,'Mito',105),(1045,'Nueve De Julio',105),(1046,'Orcotuna',105),(1047,'San Jose De Quero',105),(1048,'Santa Rosa De Ocopa',105),(1049,'Chanchamayo',106),(1050,'Perene',106),(1051,'Pichanaqui',106),(1052,'San Luis De Shuaro',106),(1053,'San Ramon',106),(1054,'Vitoc',106),(1055,'Jauja',107),(1056,'Acolla',107),(1057,'Apata',107),(1058,'Ataura',107),(1059,'Canchayllo',107),(1060,'Curicaca',107),(1061,'El Mantaro',107),(1062,'Huamali',107),(1063,'Huaripampa',107),(1064,'Huertas',107),(1065,'Janjaillo',107),(1066,'Julcan',107),(1067,'Leonor Ordoñez',107),(1068,'Llocllapampa',107),(1069,'Marco',107),(1070,'Masma',107),(1071,'Masma Chicche',107),(1072,'Molinos',107),(1073,'Monobamba',107),(1074,'Muqui',107),(1075,'Muquiyauyo',107),(1076,'Paca',107),(1077,'Paccha',107),(1078,'Pancan',107),(1079,'Parco',107),(1080,'Pomacancha',107),(1081,'Ricran',107),(1082,'San Lorenzo',107),(1083,'San Pedro De Chunan',107),(1084,'Sausa',107),(1085,'Sincos',107),(1086,'Tunan Marca',107),(1087,'Yauli',107),(1088,'Yauyos',107),(1089,'Junin',108),(1090,'Carhuamayo',108),(1091,'Ondores',108),(1092,'Ulcumayo',108),(1093,'Satipo',109),(1094,'Coviriali',109),(1095,'Llaylla',109),(1096,'Mazamari',109),(1097,'Pampa Hermosa',109),(1098,'Pangoa',109),(1099,'Rio Negro',109),(1100,'Rio Tambo',109),(1101,'Tarma',110),(1102,'Acobamba',110),(1103,'Huaricolca',110),(1104,'Huasahuasi',110),(1105,'La Union',110),(1106,'Palca',110),(1107,'Palcamayo',110),(1108,'San Pedro De Cajas',110),(1109,'Tapo',110),(1110,'La Oroya',111),(1111,'Chacapalpa',111),(1112,'Huay-Huay',111),(1113,'Marcapomacocha',111),(1114,'Morococha',111),(1115,'Paccha',111),(1116,'Santa Barbara De Carhuacaya',111),(1117,'Santa Rosa De Sacco',111),(1118,'Suitucancha',111),(1119,'Yauli',111),(1120,'Chupaca',112),(1121,'Ahuac',112),(1122,'Chongos Bajo',112),(1123,'Huachac',112),(1124,'Huamancaca Chico',112),(1125,'San Juan De Iscos',112),(1126,'San Juan De Jarpa',112),(1127,'Tres De Diciembre',112),(1128,'Yanacancha',112),(1129,'Trujillo',113),(1130,'El Porvenir',113),(1131,'Florencia De Mora',113),(1132,'Huanchaco',113),(1133,'La Esperanza',113),(1134,'Laredo',113),(1135,'Moche',113),(1136,'Poroto',113),(1137,'Salaverry',113),(1138,'Simbal',113),(1139,'Victor Larco Herrera',113),(1140,'Ascope',114),(1141,'Chicama',114),(1142,'Chocope',114),(1143,'Magdalena De Cao',114),(1144,'Paijan',114),(1145,'Razuri',114),(1146,'Santiago De Cao',114),(1147,'Casa Grande',114),(1148,'Bolivar',115),(1149,'Bambamarca',115),(1150,'Condormarca',115),(1151,'Longotea',115),(1152,'Uchumarca',115),(1153,'Ucuncha',115),(1154,'Chepen',116),(1155,'Pacanga',116),(1156,'Pueblo Nuevo',116),(1157,'Julcan',117),(1158,'Calamarca',117),(1159,'Carabamba',117),(1160,'Huaso',117),(1161,'Otuzco',118),(1162,'Agallpampa',118),(1163,'Charat',118),(1164,'Huaranchal',118),(1165,'La Cuesta',118),(1166,'Mache',118),(1167,'Paranday',118),(1168,'Salpo',118),(1169,'Sinsicap',118),(1170,'Usquil',118),(1171,'San Pedro De Lloc',119),(1172,'Guadalupe',119),(1173,'Jequetepeque',119),(1174,'Pacasmayo',119),(1175,'San Jose',119),(1176,'Tayabamba',120),(1177,'Buldibuyo',120),(1178,'Chillia',120),(1179,'Huancaspata',120),(1180,'Huaylillas',120),(1181,'Huayo',120),(1182,'Ongon',120),(1183,'Parcoy',120),(1184,'Pataz',120),(1185,'Pias',120),(1186,'Santiago De Challas',120),(1187,'Taurija',120),(1188,'Urpay',120),(1189,'Chugay',121),(1190,'Huamachuco',121),(1191,'Cochorco',121),(1192,'Curgos',121),(1193,'Marcabal',121),(1194,'Sanagoran',121),(1195,'Sarin',121),(1196,'Sartimbamba',121),(1197,'Santiago De Chuco',122),(1198,'Angasmarca',122),(1199,'Cachicadan',122),(1200,'Mollebamba',122),(1201,'Mollepata',122),(1202,'Quiruvilca',122),(1203,'Santa Cruz De Chuca',122),(1204,'Sitabamba',122),(1205,'Cascas',123),(1206,'Lucma',123),(1207,'Marmot',123),(1208,'Sayapullo',123),(1209,'Viru',124),(1210,'Chao',124),(1211,'Guadalupito',124),(1212,'Chiclayo',125),(1213,'Chongoyape',125),(1214,'Eten',125),(1215,'Eten Puerto',125),(1216,'Jose Leonardo Ortiz',125),(1217,'La Victoria',125),(1218,'Lagunas',125),(1219,'Monsefu',125),(1220,'Nueva Arica',125),(1221,'Oyotun',125),(1222,'Picsi',125),(1223,'Pimentel',125),(1224,'Reque',125),(1225,'Santa Rosa',125),(1226,'Saña',125),(1227,'Cayalti',125),(1228,'Patapo',125),(1229,'Pomalca',125),(1230,'Pucala',125),(1231,'Tuman',125),(1232,'Ferreñafe',126),(1233,'Cañaris',126),(1234,'Incahuasi',126),(1235,'Manuel Antonio Mesones',126),(1236,'Muro',126),(1237,'Pitipo',126),(1238,'Pueblo Nuevo',126),(1239,'Lambayeque',127),(1240,'Chochope',127),(1241,'Illimo',127),(1242,'Jayanca',127),(1243,'Mochumi',127),(1244,'Morrope',127),(1245,'Motupe',127),(1246,'Olmos',127),(1247,'Pacora',127),(1248,'Salas',127),(1249,'San Jose',127),(1250,'Tucume',127),(1251,'Lima',128),(1252,'Ancon',128),(1253,'Ate',128),(1254,'Barranco',128),(1255,'Breña',128),(1256,'Carabayllo',128),(1257,'Chaclacayo',128),(1258,'Chorrillos',128),(1259,'Cieneguilla',128),(1260,'Comas',128),(1261,'El Agustino',128),(1262,'Independencia',128),(1263,'Jesus Maria',128),(1264,'La Molina',128),(1265,'La Victoria',128),(1266,'Lince',128),(1267,'Los Olivos',128),(1268,'Lurigancho',128),(1269,'Lurin',128),(1270,'Magdalena Del Mar',128),(1271,'Magdalena Vieja',128),(1272,'Miraflores',128),(1273,'Pachacamac',128),(1274,'Pucusana',128),(1275,'Puente Piedra',128),(1276,'Punta Hermosa',128),(1277,'Punta Negra',128),(1278,'Rimac',128),(1279,'San Bartolo',128),(1280,'San Borja',128),(1281,'San Isidro',128),(1282,'San Juan De Lurigancho',128),(1283,'San Juan De Miraflores',128),(1284,'San Luis',128),(1285,'San Martin De Porres',128),(1286,'San Miguel',128),(1287,'Santa Anita',128),(1288,'Santa Maria Del Mar',128),(1289,'Santa Rosa',128),(1290,'Santiago De Surco',128),(1291,'Surquillo',128),(1292,'Villa El Salvador',128),(1293,'Villa Maria Del Triunfo',128),(1294,'Barranca',129),(1295,'Paramonga',129),(1296,'Pativilca',129),(1297,'Supe',129),(1298,'Supe Puerto',129),(1299,'Cajatambo',130),(1300,'Copa',130),(1301,'Gorgor',130),(1302,'Huancapon',130),(1303,'Manas',130),(1304,'Canta',131),(1305,'Arahuay',131),(1306,'Huamantanga',131),(1307,'Huaros',131),(1308,'Lachaqui',131),(1309,'San Buenaventura',131),(1310,'Santa Rosa De Quives',131),(1311,'San Vicente De Cañete',132),(1312,'Asia',132),(1313,'Calango',132),(1314,'Cerro Azul',132),(1315,'Chilca',132),(1316,'Coayllo',132),(1317,'Imperial',132),(1318,'Lunahuana',132),(1319,'Mala',132),(1320,'Nuevo Imperial',132),(1321,'Pacaran',132),(1322,'Quilmana',132),(1323,'San Antonio',132),(1324,'San Luis',132),(1325,'Santa Cruz De Flores',132),(1326,'Zuðiga',132),(1327,'Huaral',133),(1328,'Atavillos Alto',133),(1329,'Atavillos Bajo',133),(1330,'Aucallama',133),(1331,'Chancay',133),(1332,'Ihuari',133),(1333,'Lampian',133),(1334,'Pacaraos',133),(1335,'San Miguel De Acos',133),(1336,'Santa Cruz De Andamarca',133),(1337,'Sumbilca',133),(1338,'Veintisiete De Noviembre',133),(1339,'Matucana',134),(1340,'Antioquia',134),(1341,'Callahuanca',134),(1342,'Carampoma',134),(1343,'Chicla',134),(1344,'Cuenca',134),(1345,'Huachupampa',134),(1346,'Huanza',134),(1347,'Huarochiri',134),(1348,'Lahuaytambo',134),(1349,'Langa',134),(1350,'Laraos',134),(1351,'Mariatana',134),(1352,'Ricardo Palma',134),(1353,'San Andres De Tupicocha',134),(1354,'San Antonio',134),(1355,'San Bartolome',134),(1356,'San Damian',134),(1357,'San Juan De Iris',134),(1358,'San Juan De Tantaranche',134),(1359,'San Lorenzo De Quinti',134),(1360,'San Mateo',134),(1361,'San Mateo De Otao',134),(1362,'San Pedro De Casta',134),(1363,'San Pedro De Huancayre',134),(1364,'Sangallaya',134),(1365,'Santa Cruz De Cocachacra',134),(1366,'Santa Eulalia',134),(1367,'Santiago De Anchucaya',134),(1368,'Santiago De Tuna',134),(1369,'Santo Domingo De Los Ollero',134),(1370,'Surco',134),(1371,'Huacho',135),(1372,'Ambar',135),(1373,'Caleta De Carquin',135),(1374,'Checras',135),(1375,'Hualmay',135),(1376,'Huaura',135),(1377,'Leoncio Prado',135),(1378,'Paccho',135),(1379,'Santa Leonor',135),(1380,'Santa Maria',135),(1381,'Sayan',135),(1382,'Vegueta',135),(1383,'Oyon',136),(1384,'Andajes',136),(1385,'Caujul',136),(1386,'Cochamarca',136),(1387,'Navan',136),(1388,'Pachangara',136),(1389,'Yauyos',137),(1390,'Alis',137),(1391,'Ayauca',137),(1392,'Ayaviri',137),(1393,'Azangaro',137),(1394,'Cacra',137),(1395,'Carania',137),(1396,'Catahuasi',137),(1397,'Chocos',137),(1398,'Cochas',137),(1399,'Colonia',137),(1400,'Hongos',137),(1401,'Huampara',137),(1402,'Huancaya',137),(1403,'Huangascar',137),(1404,'Huantan',137),(1405,'Huaðec',137),(1406,'Laraos',137),(1407,'Lincha',137),(1408,'Madean',137),(1409,'Miraflores',137),(1410,'Omas',137),(1411,'Putinza',137),(1412,'Quinches',137),(1413,'Quinocay',137),(1414,'San Joaquin',137),(1415,'San Pedro De Pilas',137),(1416,'Tanta',137),(1417,'Tauripampa',137),(1418,'Tomas',137),(1419,'Tupe',137),(1420,'Viðac',137),(1421,'Vitis',137),(1422,'Iquitos',138),(1423,'Alto Nanay',138),(1424,'Fernando Lores',138),(1425,'Indiana',138),(1426,'Las Amazonas',138),(1427,'Mazan',138),(1428,'Napo',138),(1429,'Punchana',138),(1430,'Putumayo',138),(1431,'Torres Causana',138),(1432,'Belen',138),(1433,'San Juan Bautista',138),(1434,'Yurimaguas',139),(1435,'Balsapuerto',139),(1436,'Barranca',139),(1437,'Cahuapanas',139),(1438,'Jeberos',139),(1439,'Lagunas',139),(1440,'Manseriche',139),(1441,'Morona',139),(1442,'Pastaza',139),(1443,'Santa Cruz',139),(1444,'Teniente Cesar Lopez Rojas',139),(1445,'Nauta',140),(1446,'Parinari',140),(1447,'Tigre',140),(1448,'Trompeteros',140),(1449,'Urarinas',140),(1450,'Ramon Castilla',141),(1451,'Pebas',141),(1452,'Yavari',141),(1453,'San Pablo',141),(1454,'Requena',142),(1455,'Alto Tapiche',142),(1456,'Capelo',142),(1457,'Emilio San Martin',142),(1458,'Maquia',142),(1459,'Puinahua',142),(1460,'Saquena',142),(1461,'Soplin',142),(1462,'Tapiche',142),(1463,'Jenaro Herrera',142),(1464,'Yaquerana',142),(1465,'Contamana',143),(1466,'Inahuaya',143),(1467,'Padre Marquez',143),(1468,'Pampa Hermosa',143),(1469,'Sarayacu',143),(1470,'Vargas Guerra',143),(1471,'Tambopata',144),(1472,'Inambari',144),(1473,'Las Piedras',144),(1474,'Laberinto',144),(1475,'Manu',145),(1476,'Fitzcarrald',145),(1477,'Madre De Dios',145),(1478,'Huepetuhe',145),(1479,'Iñapari',146),(1480,'Iberia',146),(1481,'Tahuamanu',146),(1482,'Moquegua',147),(1483,'Carumas',147),(1484,'Cuchumbaya',147),(1485,'Samegua',147),(1486,'San Cristobal',147),(1487,'Torata',147),(1488,'Omate',148),(1489,'Chojata',148),(1490,'Coalaque',148),(1491,'Ichuña',148),(1492,'La Capilla',148),(1493,'Lloque',148),(1494,'Matalaque',148),(1495,'Puquina',148),(1496,'Quinistaquillas',148),(1497,'Ubinas',148),(1498,'Yunga',148),(1499,'Ilo',149),(1500,'El Algarrobal',149),(1501,'Pacocha',149),(1502,'Chaupimarca',150),(1503,'Huachon',150),(1504,'Huariaca',150),(1505,'Huayllay',150),(1506,'Ninacaca',150),(1507,'Pallanchacra',150),(1508,'Paucartambo',150),(1509,'San Fco.De As is De Yarusyac',150),(1510,'Simon Bolivar',150),(1511,'Ticlacayan',150),(1512,'Tinyahuarco',150),(1513,'Vicco',150),(1514,'Yanacancha',150),(1515,'Yanahuanca',151),(1516,'Chacayan',151),(1517,'Goyllarisquizga',151),(1518,'Paucar',151),(1519,'San Pedro De Pillao',151),(1520,'Santa Ana De Tusi',151),(1521,'Tapuc',151),(1522,'Vilcabamba',151),(1523,'Oxapampa',152),(1524,'Chontabamba',152),(1525,'Huancabamba',152),(1526,'Palcazu',152),(1527,'Pozuzo',152),(1528,'Puerto Bermudez',152),(1529,'Villa Rica',152),(1530,'Piura',153),(1531,'Castilla',153),(1532,'Catacaos',153),(1533,'Cura Mori',153),(1534,'El Tallan',153),(1535,'La Arena',153),(1536,'La Union',153),(1537,'Las Lomas',153),(1538,'Tambo Grande',153),(1539,'Ayabaca',154),(1540,'Frias',154),(1541,'Jilili',154),(1542,'Lagunas',154),(1543,'Montero',154),(1544,'Pacaipampa',154),(1545,'Paimas',154),(1546,'Sapillica',154),(1547,'Sicchez',154),(1548,'Suyo',154),(1549,'Huancabamba',155),(1550,'Canchaque',155),(1551,'El Carmen De La Frontera',155),(1552,'Huarmaca',155),(1553,'Lalaquiz',155),(1554,'San Miguel De El Faique',155),(1555,'Sondor',155),(1556,'Sondorillo',155),(1557,'Chulucanas',156),(1558,'Buenos Aires',156),(1559,'Chalaco',156),(1560,'La Matanza',156),(1561,'Morropon',156),(1562,'Salitral',156),(1563,'San Juan De Bigote',156),(1564,'Santa Catalina De Mossa',156),(1565,'Santo Domingo',156),(1566,'Yamango',156),(1567,'Paita',157),(1568,'Amotape',157),(1569,'Arenal',157),(1570,'Colan',157),(1571,'La Huaca',157),(1572,'Tamarindo',157),(1573,'Vichayal',157),(1574,'Sullana',158),(1575,'Bellavista',158),(1576,'Ignacio Escudero',158),(1577,'Lancones',158),(1578,'Marcavelica',158),(1579,'Miguel Checa',158),(1580,'Querecotillo',158),(1581,'Salitral',158),(1582,'Pariñas',159),(1583,'El Alto',159),(1584,'La Brea',159),(1585,'Lobitos',159),(1586,'Los Organos',159),(1587,'Mancora',159),(1588,'Sechura',160),(1589,'Bellavista De La Union',160),(1590,'Bernal',160),(1591,'Cristo Nos Valga',160),(1592,'Vice',160),(1593,'Rinconada Llicuar',160),(1594,'Puno',161),(1595,'Acora',161),(1596,'Amantani',161),(1597,'Atuncolla',161),(1598,'Capachica',161),(1599,'Chucuito',161),(1600,'Coata',161),(1601,'Huata',161),(1602,'Mañazo',161),(1603,'Paucarcolla',161),(1604,'Pichacani',161),(1605,'Plateria',161),(1606,'San Antonio',161),(1607,'Tiquillaca',161),(1608,'Vilque',161),(1609,'Azangaro',162),(1610,'Achaya',162),(1611,'Arapa',162),(1612,'Asillo',162),(1613,'Caminaca',162),(1614,'Chupa',162),(1615,'Jose Domingo Choquehuanca',162),(1616,'Muñani',162),(1617,'Potoni',162),(1618,'Saman',162),(1619,'San Anton',162),(1620,'San Jose',162),(1621,'San Juan De Salinas',162),(1622,'Santiago De Pupuja',162),(1623,'Tirapata',162),(1624,'Macusani',163),(1625,'Ajoyani',163),(1626,'Ayapata',163),(1627,'Coasa',163),(1628,'Corani',163),(1629,'Crucero',163),(1630,'Ituata',163),(1631,'Ollachea',163),(1632,'San Gaban',163),(1633,'Usicayos',163),(1634,'Juli',164),(1635,'Desaguadero',164),(1636,'Huacullani',164),(1637,'Kelluyo',164),(1638,'Pisacoma',164),(1639,'Pomata',164),(1640,'Zepita',164),(1641,'Ilave',165),(1642,'Capazo',165),(1643,'Pilcuyo',165),(1644,'Santa Rosa',165),(1645,'Conduriri',165),(1646,'Huancane',166),(1647,'Cojata',166),(1648,'Huatasani',166),(1649,'Inchupalla',166),(1650,'Pusi',166),(1651,'Rosaspata',166),(1652,'Taraco',166),(1653,'Vilque Chico',166),(1654,'Lampa',167),(1655,'Cabanilla',167),(1656,'Calapuja',167),(1657,'Nicasio',167),(1658,'Ocuviri',167),(1659,'Palca',167),(1660,'Paratia',167),(1661,'Pucara',167),(1662,'Santa Lucia',167),(1663,'Vilavila',167),(1664,'Ayaviri',168),(1665,'Antauta',168),(1666,'Cupi',168),(1667,'Llalli',168),(1668,'Macari',168),(1669,'Nuñoa',168),(1670,'Orurillo',168),(1671,'Santa Rosa',168),(1672,'Umachiri',168),(1673,'Moho',169),(1674,'Conima',169),(1675,'Huayrapata',169),(1676,'Tilali',169),(1677,'Putina',170),(1678,'Ananea',170),(1679,'Pedro Vilca Apaza',170),(1680,'Quilcapuncu',170),(1681,'Sina',170),(1682,'Juliaca',171),(1683,'Cabana',171),(1684,'Cabanillas',171),(1685,'Caracoto',171),(1686,'Sandia',172),(1687,'Cuyocuyo',172),(1688,'Limbani',172),(1689,'Patambuco',172),(1690,'Phara',172),(1691,'Quiaca',172),(1692,'San Juan Del Oro',172),(1693,'Yanahuaya',172),(1694,'Alto Inambari',172),(1695,'Yunguyo',173),(1696,'Anapia',173),(1697,'Copani',173),(1698,'Cuturapi',173),(1699,'Ollaraya ',173),(1700,'Tinicachi ',173),(1701,'Unicachi',173),(1702,'Moyobamba ',174),(1703,'Calzada ',174),(1704,'Habana ',174),(1705,'Jepelacio ',174),(1706,'Soritor ',174),(1707,'Yantalo ',174),(1708,'Bellavista ',175),(1709,'Alto Biavo ',175),(1710,'Bajo Biavo ',175),(1711,'Huallaga ',175),(1712,'San Pablo ',175),(1713,'San Rafael ',175),(1714,'San Jose De Sisa',176),(1715,'Agua Blanca',176),(1716,'San Martin',176),(1717,'Santa Rosa',176),(1718,'Shatoja',176),(1719,'Saposoa',177),(1720,'Alto Saposoa',177),(1721,'El Eslabon',177),(1722,'Piscoyacu',177),(1723,'Sacanche',177),(1724,'Tingo De Saposoa',177),(1725,'Lamas',178),(1726,'Alonso De Alvarado',178),(1727,'Barranquita',178),(1728,'Caynarachi 1/',178),(1729,'Cuñumbuqui',178),(1730,'Pinto Recodo',178),(1731,'Rumisapa',178),(1732,'San Roque De Cumbaza',178),(1733,'Shanao',178),(1734,'Tabalosos',178),(1735,'Zapatero',178),(1736,'Juanjui',179),(1737,'Campanilla',179),(1738,'Huicungo',179),(1739,'Pachiza',179),(1740,'Pajarillo',179),(1741,'Picota',180),(1742,'Buenos Aires',180),(1743,'Caspisapa',180),(1744,'Pilluana',180),(1745,'Pucacaca',180),(1746,'San Cristobal',180),(1747,'San Hilarion',180),(1748,'Shamboyacu',180),(1749,'Tingo De Ponasa',180),(1750,'Tres Unidos',180),(1751,'Rioja',181),(1752,'Awajun',181),(1753,'Elias Soplin Vargas',181),(1754,'Nueva Cajamarca',181),(1755,'Pardo Miguel',181),(1756,'Posic',181),(1757,'San Fernando',181),(1758,'Yorongos',181),(1759,'Yuracyacu',181),(1760,'Tarapoto',182),(1761,'Alberto Leveau',182),(1762,'Cacatachi',182),(1763,'Chazuta',182),(1764,'Chipurana',182),(1765,'El Porvenir',182),(1766,'Huimbayoc',182),(1767,'Juan Guerra',182),(1768,'La Banda De Shilcayo',182),(1769,'Morales',182),(1770,'Papaplaya',182),(1771,'San Antonio',182),(1772,'Sauce',182),(1773,'Shapaja',182),(1774,'Tocache',183),(1775,'Nuevo Progreso',183),(1776,'Polvora',183),(1777,'Shunte',183),(1778,'Uchiza',183),(1779,'Tacna',184),(1780,'Alto De La Alianza',184),(1781,'Calana',184),(1782,'Ciudad Nueva',184),(1783,'Inclan',184),(1784,'Pachia',184),(1785,'Palca',184),(1786,'Pocollay',184),(1787,'Sama',184),(1788,'Coronel Gregorio Albarracín',184),(1789,'Lanchipa',184),(1790,'Candarave',185),(1791,'Cairani',185),(1792,'Camilaca',185),(1793,'Curibaya',185),(1794,'Huanuara',185),(1795,'Quilahuani',185),(1796,'Locumba',186),(1797,'Ilabaya',186),(1798,'Ite',186),(1799,'Tarata',187),(1800,'Chucatamani',187),(1801,'Estique',187),(1802,'Estique-Pampa',187),(1803,'Sitajara',187),(1804,'Susapaya',187),(1805,'Tarucachi',187),(1806,'Ticaco',187),(1807,'Tumbes',188),(1808,'Corrales',188),(1809,'La Cruz',188),(1810,'Pampas De Hospital',188),(1811,'San Jacinto',188),(1812,'San Juan De La Virgen',188),(1813,'Zorritos',189),(1814,'Casitas',189),(1815,'Zarumilla',190),(1816,'Aguas Verdes',190),(1817,'Matapalo',190),(1818,'Papayal',190),(1819,'Calleria',191),(1820,'Campoverde',191),(1821,'Iparia',191),(1822,'Masisea',191),(1823,'Yarinacocha',191),(1824,'Nueva Requena',191),(1825,'Raymondi',192),(1826,'Sepahua',192),(1827,'Tahuania',192),(1828,'Yurua',192),(1829,'Padre Abad',193),(1830,'Irazola',193),(1831,'Curimana',193),(1832,'Puru',194),(1833,'Pueblo Libre',128);
/*!40000 ALTER TABLE `districts` ENABLE KEYS */;
UNLOCK TABLES;

--
-- Table structure for table `event_types`
--

DROP TABLE IF EXISTS `event_types`;
/*!40101 SET @saved_cs_client     = @@character_set_client */;
/*!40101 SET character_set_client = utf8 */;
CREATE TABLE `event_types` (
  `id` int(11) NOT NULL AUTO_INCREMENT,
  `name` varchar(12) NOT NULL,
  PRIMARY KEY (`id`)
) ENGINE=InnoDB AUTO_INCREMENT=3 DEFAULT CHARSET=latin1;
/*!40101 SET character_set_client = @saved_cs_client */;

--
-- Dumping data for table `event_types`
--

LOCK TABLES `event_types` WRITE;
/*!40000 ALTER TABLE `event_types` DISABLE KEYS */;
INSERT INTO `event_types` VALUES (1,'Curso'),(2,'Diplomado');
/*!40000 ALTER TABLE `event_types` ENABLE KEYS */;
UNLOCK TABLES;

--
-- Table structure for table `events`
--

DROP TABLE IF EXISTS `events`;
/*!40101 SET @saved_cs_client     = @@character_set_client */;
/*!40101 SET character_set_client = utf8 */;
CREATE TABLE `events` (
  `id` int(11) NOT NULL AUTO_INCREMENT,
  `name` varchar(120) NOT NULL,
  `hours` int(11) NOT NULL,
  `picture_url` varchar(100) DEFAULT NULL,
  `init_date` date NOT NULL,
  `init_hour` time NOT NULL,
  `gift` varchar(40) DEFAULT NULL,
  `description` text,
  `event_type_id` int(11) DEFAULT NULL,
  `code` int(11) DEFAULT NULL,
  `specialism_id` int(11) DEFAULT NULL,
  PRIMARY KEY (`id`),
  KEY `event_type_id` (`event_type_id`),
  KEY `specialism_id` (`specialism_id`),
  CONSTRAINT `events_ibfk_1` FOREIGN KEY (`event_type_id`) REFERENCES `event_types` (`id`) ON DELETE CASCADE,
  CONSTRAINT `events_ibfk_2` FOREIGN KEY (`specialism_id`) REFERENCES `specialisms` (`id`) ON DELETE CASCADE
) ENGINE=InnoDB AUTO_INCREMENT=18 DEFAULT CHARSET=latin1;
/*!40101 SET character_set_client = @saved_cs_client */;

--
-- Dumping data for table `events`
--

LOCK TABLES `events` WRITE;
/*!40000 ALTER TABLE `events` DISABLE KEYS */;
INSERT INTO `events` VALUES (1,'LA FORMA MÁS FÁCIL DE RESOLVER PROBLEMAS DIFÍCILES',1,'uploads/emAESI5bVlzj6Rsc7Qpf.jpg','2019-02-02','02:03:00','','El 4 de noviembre, Elmer Pisfil, CEO de TRIZ Perú y Asesume, fue el ponente invitado en el Miércoles de Ingeniería \"Innovación. Teoría para resolver problemas de forma inventiva (TRIZ)\", actividad organizada por la Carrera de Ingeniería Industrial de la Facultad de Ingeniería y Arquitectura de la Universidad de Lima. El expositor se encargó de dar a conocer una metodología rusa para abordar, de manera lógica y sistemática, el proceso inventivo.\n\nPisfil, quien posee más de 25 años de experiencia profesional en consultoría de gestión de la innovación, sistemas de gestión de calidad, seguridad y salud ocupacional, y medio ambiente y gestión por procesos, explicó que TRIZ corresponde a las siglas del concepto ruso teorija rezhenija izobretatelskih zadach (TRIZ), que significa \'teoría para la resolución de problemas de forma inventiva\', por lo que se le conoce también en español como Trepi.',1,1,1),(2,'LA URGENCIA DE LA TRANSFORMACIÓN DIGITAL',5,'uploads/hUzkJm2bT1oeNlvgR0Vu.jpg','2021-02-01','02:02:00','','La Carrera de Ingeniería de Sistemas de la Facultad de Ingeniería y Arquitectura de la Universidad de Lima organizó el miércoles 28 de octubre, dentro del marco de los Miércoles de Ingeniería, la ponencia “Gestión del talento digital en la nueva normalidad”, a cargo del economista por nuestra Universidad Hugo Beltrán Alejos, consultor de Gobierno de Datos de la empresa Raken Data Group.\n\nBeltrán, máster en Ciencias en Computación por la Universidad de Chile, académico del Departamento de Ciencias de la Computación de la Facultad de Ciencias Físicas y Matemáticas de la Universidad de Chile y The Valley Digital Business School, explicó la coyuntura que nos toca vivir y cómo gestionar el talento digital en empresas que, como muchas, están incursionando en la transformación digital. El ponente dijo:',1,1,4),(3,'PREDIMENSIONAMIENTO DE ELEMENTOS ESTRUCTURALES DE CONCRETO ARMADO',2,'uploads/7WoaKEgJPeTq0jhn6dYz.jpg','2021-01-01','12:00:00','','El Miércoles de Ingeniería del 4 de noviembre se centró en el predimensionamiento y modelamiento de elementos estructurales de concreto armado. La exposición estuvo a cargo de José Alberto Acero, ingeniero civil estructural con más de veinte años de experiencia en evaluaciones estructurales, diseño de edificaciones de concreto, acero y albañilería. La actividad fue organizada por la Carrera de Ingeniería Civil de la Universidad de Lima y el Capítulo Estudiantil del American Concrete Institute de nuestra Casa de Estudios.\n\nEl ponente señaló que el predimensionamiento es el proceso que estima las dimensiones iniciales de los elementos estructurales, lo que permite que estos puedan ser analizados y verificados. Añadió que es necesario conocer las dimensiones estándares que se utilizan para concebir un edificio en forma eficiente, ya sea de una losa, viga peraltada, viga chata, columna, muro de corte o una cimentación.',1,1,3),(4,'LA FORMA MÁS FÁCIL DE RESOLVER PROBLEMAS DIFÍCILES',1,'uploads/emAESI5bVlzj6Rsc7Qpf.jpg','2019-02-02','02:03:00','','El 4 de noviembre, Elmer Pisfil, CEO de TRIZ Perú y Asesume, fue el ponente invitado en el Miércoles de Ingeniería \"Innovación. Teoría para resolver problemas de forma inventiva (TRIZ)\", actividad organizada por la Carrera de Ingeniería Industrial de la Facultad de Ingeniería y Arquitectura de la Universidad de Lima. El expositor se encargó de dar a conocer una metodología rusa para abordar, de manera lógica y sistemática, el proceso inventivo.\n\nPisfil, quien posee más de 25 años de experiencia profesional en consultoría de gestión de la innovación, sistemas de gestión de calidad, seguridad y salud ocupacional, y medio ambiente y gestión por procesos, explicó que TRIZ corresponde a las siglas del concepto ruso teorija rezhenija izobretatelskih zadach (TRIZ), que significa \'teoría para la resolución de problemas de forma inventiva\', por lo que se le conoce también en español como Trepi.',1,1,1),(5,'LA FORMA MÁS FÁCIL DE RESOLVER PROBLEMAS DIFÍCILES',1,'uploads/emAESI5bVlzj6Rsc7Qpf.jpg','2019-02-02','02:03:00','','El 4 de noviembre, Elmer Pisfil, CEO de TRIZ Perú y Asesume, fue el ponente invitado en el Miércoles de Ingeniería \"Innovación. Teoría para resolver problemas de forma inventiva (TRIZ)\", actividad organizada por la Carrera de Ingeniería Industrial de la Facultad de Ingeniería y Arquitectura de la Universidad de Lima. El expositor se encargó de dar a conocer una metodología rusa para abordar, de manera lógica y sistemática, el proceso inventivo.\n\nPisfil, quien posee más de 25 años de experiencia profesional en consultoría de gestión de la innovación, sistemas de gestión de calidad, seguridad y salud ocupacional, y medio ambiente y gestión por procesos, explicó que TRIZ corresponde a las siglas del concepto ruso teorija rezhenija izobretatelskih zadach (TRIZ), que significa \'teoría para la resolución de problemas de forma inventiva\', por lo que se le conoce también en español como Trepi.',1,1,1),(6,'LA FORMA MÁS FÁCIL DE RESOLVER PROBLEMAS DIFÍCILES',1,'uploads/emAESI5bVlzj6Rsc7Qpf.jpg','2019-02-02','02:03:00','','El 4 de noviembre, Elmer Pisfil, CEO de TRIZ Perú y Asesume, fue el ponente invitado en el Miércoles de Ingeniería \"Innovación. Teoría para resolver problemas de forma inventiva (TRIZ)\", actividad organizada por la Carrera de Ingeniería Industrial de la Facultad de Ingeniería y Arquitectura de la Universidad de Lima. El expositor se encargó de dar a conocer una metodología rusa para abordar, de manera lógica y sistemática, el proceso inventivo.\n\nPisfil, quien posee más de 25 años de experiencia profesional en consultoría de gestión de la innovación, sistemas de gestión de calidad, seguridad y salud ocupacional, y medio ambiente y gestión por procesos, explicó que TRIZ corresponde a las siglas del concepto ruso teorija rezhenija izobretatelskih zadach (TRIZ), que significa \'teoría para la resolución de problemas de forma inventiva\', por lo que se le conoce también en español como Trepi.',1,1,1),(7,'LA FORMA MÁS FÁCIL DE RESOLVER PROBLEMAS DIFÍCILES',1,'uploads/emAESI5bVlzj6Rsc7Qpf.jpg','2019-02-02','02:03:00','','El 4 de noviembre, Elmer Pisfil, CEO de TRIZ Perú y Asesume, fue el ponente invitado en el Miércoles de Ingeniería \"Innovación. Teoría para resolver problemas de forma inventiva (TRIZ)\", actividad organizada por la Carrera de Ingeniería Industrial de la Facultad de Ingeniería y Arquitectura de la Universidad de Lima. El expositor se encargó de dar a conocer una metodología rusa para abordar, de manera lógica y sistemática, el proceso inventivo.\n\nPisfil, quien posee más de 25 años de experiencia profesional en consultoría de gestión de la innovación, sistemas de gestión de calidad, seguridad y salud ocupacional, y medio ambiente y gestión por procesos, explicó que TRIZ corresponde a las siglas del concepto ruso teorija rezhenija izobretatelskih zadach (TRIZ), que significa \'teoría para la resolución de problemas de forma inventiva\', por lo que se le conoce también en español como Trepi.',1,1,1),(8,'LA FORMA MÁS FÁCIL DE RESOLVER PROBLEMAS DIFÍCILES',1,'uploads/emAESI5bVlzj6Rsc7Qpf.jpg','2019-02-02','02:03:00','','El 4 de noviembre, Elmer Pisfil, CEO de TRIZ Perú y Asesume, fue el ponente invitado en el Miércoles de Ingeniería \"Innovación. Teoría para resolver problemas de forma inventiva (TRIZ)\", actividad organizada por la Carrera de Ingeniería Industrial de la Facultad de Ingeniería y Arquitectura de la Universidad de Lima. El expositor se encargó de dar a conocer una metodología rusa para abordar, de manera lógica y sistemática, el proceso inventivo.\n\nPisfil, quien posee más de 25 años de experiencia profesional en consultoría de gestión de la innovación, sistemas de gestión de calidad, seguridad y salud ocupacional, y medio ambiente y gestión por procesos, explicó que TRIZ corresponde a las siglas del concepto ruso teorija rezhenija izobretatelskih zadach (TRIZ), que significa \'teoría para la resolución de problemas de forma inventiva\', por lo que se le conoce también en español como Trepi.',1,1,1),(9,'LA FORMA MÁS FÁCIL DE RESOLVER PROBLEMAS DIFÍCILES',1,'uploads/emAESI5bVlzj6Rsc7Qpf.jpg','2019-02-02','02:03:00','','El 4 de noviembre, Elmer Pisfil, CEO de TRIZ Perú y Asesume, fue el ponente invitado en el Miércoles de Ingeniería \"Innovación. Teoría para resolver problemas de forma inventiva (TRIZ)\", actividad organizada por la Carrera de Ingeniería Industrial de la Facultad de Ingeniería y Arquitectura de la Universidad de Lima. El expositor se encargó de dar a conocer una metodología rusa para abordar, de manera lógica y sistemática, el proceso inventivo.\n\nPisfil, quien posee más de 25 años de experiencia profesional en consultoría de gestión de la innovación, sistemas de gestión de calidad, seguridad y salud ocupacional, y medio ambiente y gestión por procesos, explicó que TRIZ corresponde a las siglas del concepto ruso teorija rezhenija izobretatelskih zadach (TRIZ), que significa \'teoría para la resolución de problemas de forma inventiva\', por lo que se le conoce también en español como Trepi.',1,1,1),(10,'LA FORMA MÁS FÁCIL DE RESOLVER PROBLEMAS DIFÍCILES',1,'uploads/emAESI5bVlzj6Rsc7Qpf.jpg','2019-02-02','02:03:00','','El 4 de noviembre, Elmer Pisfil, CEO de TRIZ Perú y Asesume, fue el ponente invitado en el Miércoles de Ingeniería \"Innovación. Teoría para resolver problemas de forma inventiva (TRIZ)\", actividad organizada por la Carrera de Ingeniería Industrial de la Facultad de Ingeniería y Arquitectura de la Universidad de Lima. El expositor se encargó de dar a conocer una metodología rusa para abordar, de manera lógica y sistemática, el proceso inventivo.\n\nPisfil, quien posee más de 25 años de experiencia profesional en consultoría de gestión de la innovación, sistemas de gestión de calidad, seguridad y salud ocupacional, y medio ambiente y gestión por procesos, explicó que TRIZ corresponde a las siglas del concepto ruso teorija rezhenija izobretatelskih zadach (TRIZ), que significa \'teoría para la resolución de problemas de forma inventiva\', por lo que se le conoce también en español como Trepi.',1,1,1),(11,'LA FORMA MÁS FÁCIL DE RESOLVER PROBLEMAS DIFÍCILES',1,'uploads/emAESI5bVlzj6Rsc7Qpf.jpg','2019-02-02','02:03:00','','El 4 de noviembre, Elmer Pisfil, CEO de TRIZ Perú y Asesume, fue el ponente invitado en el Miércoles de Ingeniería \"Innovación. Teoría para resolver problemas de forma inventiva (TRIZ)\", actividad organizada por la Carrera de Ingeniería Industrial de la Facultad de Ingeniería y Arquitectura de la Universidad de Lima. El expositor se encargó de dar a conocer una metodología rusa para abordar, de manera lógica y sistemática, el proceso inventivo.\n\nPisfil, quien posee más de 25 años de experiencia profesional en consultoría de gestión de la innovación, sistemas de gestión de calidad, seguridad y salud ocupacional, y medio ambiente y gestión por procesos, explicó que TRIZ corresponde a las siglas del concepto ruso teorija rezhenija izobretatelskih zadach (TRIZ), que significa \'teoría para la resolución de problemas de forma inventiva\', por lo que se le conoce también en español como Trepi.',1,1,1),(12,'LA FORMA MÁS FÁCIL DE RESOLVER PROBLEMAS DIFÍCILES',1,'uploads/emAESI5bVlzj6Rsc7Qpf.jpg','2019-02-02','02:03:00','','El 4 de noviembre, Elmer Pisfil, CEO de TRIZ Perú y Asesume, fue el ponente invitado en el Miércoles de Ingeniería \"Innovación. Teoría para resolver problemas de forma inventiva (TRIZ)\", actividad organizada por la Carrera de Ingeniería Industrial de la Facultad de Ingeniería y Arquitectura de la Universidad de Lima. El expositor se encargó de dar a conocer una metodología rusa para abordar, de manera lógica y sistemática, el proceso inventivo.\n\nPisfil, quien posee más de 25 años de experiencia profesional en consultoría de gestión de la innovación, sistemas de gestión de calidad, seguridad y salud ocupacional, y medio ambiente y gestión por procesos, explicó que TRIZ corresponde a las siglas del concepto ruso teorija rezhenija izobretatelskih zadach (TRIZ), que significa \'teoría para la resolución de problemas de forma inventiva\', por lo que se le conoce también en español como Trepi.',1,1,1),(13,'LA FORMA MÁS FÁCIL DE RESOLVER PROBLEMAS DIFÍCILES',1,'uploads/emAESI5bVlzj6Rsc7Qpf.jpg','2019-02-02','02:03:00','','El 4 de noviembre, Elmer Pisfil, CEO de TRIZ Perú y Asesume, fue el ponente invitado en el Miércoles de Ingeniería \"Innovación. Teoría para resolver problemas de forma inventiva (TRIZ)\", actividad organizada por la Carrera de Ingeniería Industrial de la Facultad de Ingeniería y Arquitectura de la Universidad de Lima. El expositor se encargó de dar a conocer una metodología rusa para abordar, de manera lógica y sistemática, el proceso inventivo.\n\nPisfil, quien posee más de 25 años de experiencia profesional en consultoría de gestión de la innovación, sistemas de gestión de calidad, seguridad y salud ocupacional, y medio ambiente y gestión por procesos, explicó que TRIZ corresponde a las siglas del concepto ruso teorija rezhenija izobretatelskih zadach (TRIZ), que significa \'teoría para la resolución de problemas de forma inventiva\', por lo que se le conoce también en español como Trepi.',1,1,1),(14,'LA FORMA MÁS FÁCIL DE RESOLVER PROBLEMAS DIFÍCILES',1,'uploads/emAESI5bVlzj6Rsc7Qpf.jpg','2019-02-02','02:03:00','','El 4 de noviembre, Elmer Pisfil, CEO de TRIZ Perú y Asesume, fue el ponente invitado en el Miércoles de Ingeniería \"Innovación. Teoría para resolver problemas de forma inventiva (TRIZ)\", actividad organizada por la Carrera de Ingeniería Industrial de la Facultad de Ingeniería y Arquitectura de la Universidad de Lima. El expositor se encargó de dar a conocer una metodología rusa para abordar, de manera lógica y sistemática, el proceso inventivo.\n\nPisfil, quien posee más de 25 años de experiencia profesional en consultoría de gestión de la innovación, sistemas de gestión de calidad, seguridad y salud ocupacional, y medio ambiente y gestión por procesos, explicó que TRIZ corresponde a las siglas del concepto ruso teorija rezhenija izobretatelskih zadach (TRIZ), que significa \'teoría para la resolución de problemas de forma inventiva\', por lo que se le conoce también en español como Trepi.',1,1,1),(15,'LA FORMA MÁS FÁCIL DE RESOLVER PROBLEMAS DIFÍCILES',1,'uploads/emAESI5bVlzj6Rsc7Qpf.jpg','2019-02-02','02:03:00','','El 4 de noviembre, Elmer Pisfil, CEO de TRIZ Perú y Asesume, fue el ponente invitado en el Miércoles de Ingeniería \"Innovación. Teoría para resolver problemas de forma inventiva (TRIZ)\", actividad organizada por la Carrera de Ingeniería Industrial de la Facultad de Ingeniería y Arquitectura de la Universidad de Lima. El expositor se encargó de dar a conocer una metodología rusa para abordar, de manera lógica y sistemática, el proceso inventivo.\n\nPisfil, quien posee más de 25 años de experiencia profesional en consultoría de gestión de la innovación, sistemas de gestión de calidad, seguridad y salud ocupacional, y medio ambiente y gestión por procesos, explicó que TRIZ corresponde a las siglas del concepto ruso teorija rezhenija izobretatelskih zadach (TRIZ), que significa \'teoría para la resolución de problemas de forma inventiva\', por lo que se le conoce también en español como Trepi.',1,1,1),(16,'LA FORMA MÁS FÁCIL DE RESOLVER PROBLEMAS DIFÍCILES',1,'uploads/emAESI5bVlzj6Rsc7Qpf.jpg','2019-02-02','02:03:00','','El 4 de noviembre, Elmer Pisfil, CEO de TRIZ Perú y Asesume, fue el ponente invitado en el Miércoles de Ingeniería \"Innovación. Teoría para resolver problemas de forma inventiva (TRIZ)\", actividad organizada por la Carrera de Ingeniería Industrial de la Facultad de Ingeniería y Arquitectura de la Universidad de Lima. El expositor se encargó de dar a conocer una metodología rusa para abordar, de manera lógica y sistemática, el proceso inventivo.\n\nPisfil, quien posee más de 25 años de experiencia profesional en consultoría de gestión de la innovación, sistemas de gestión de calidad, seguridad y salud ocupacional, y medio ambiente y gestión por procesos, explicó que TRIZ corresponde a las siglas del concepto ruso teorija rezhenija izobretatelskih zadach (TRIZ), que significa \'teoría para la resolución de problemas de forma inventiva\', por lo que se le conoce también en español como Trepi.',1,1,2),(17,'LA FORMA MÁS FÁCIL DE RESOLVER PROBLEMAS DIFÍCILES',1,'uploads/emAESI5bVlzj6Rsc7Qpf.jpg','2019-02-02','02:03:00','','El 4 de noviembre, Elmer Pisfil, CEO de TRIZ Perú y Asesume, fue el ponente invitado en el Miércoles de Ingeniería \"Innovación. Teoría para resolver problemas de forma inventiva (TRIZ)\", actividad organizada por la Carrera de Ingeniería Industrial de la Facultad de Ingeniería y Arquitectura de la Universidad de Lima. El expositor se encargó de dar a conocer una metodología rusa para abordar, de manera lógica y sistemática, el proceso inventivo.\n\nPisfil, quien posee más de 25 años de experiencia profesional en consultoría de gestión de la innovación, sistemas de gestión de calidad, seguridad y salud ocupacional, y medio ambiente y gestión por procesos, explicó que TRIZ corresponde a las siglas del concepto ruso teorija rezhenija izobretatelskih zadach (TRIZ), que significa \'teoría para la resolución de problemas de forma inventiva\', por lo que se le conoce también en español como Trepi.',1,1,2);
/*!40000 ALTER TABLE `events` ENABLE KEYS */;
UNLOCK TABLES;

--
-- Table structure for table `events_speakers`
--

DROP TABLE IF EXISTS `events_speakers`;
/*!40101 SET @saved_cs_client     = @@character_set_client */;
/*!40101 SET character_set_client = utf8 */;
CREATE TABLE `events_speakers` (
  `id` int(11) NOT NULL AUTO_INCREMENT,
  `speaker_id` int(11) DEFAULT NULL,
  `event_id` int(11) DEFAULT NULL,
  PRIMARY KEY (`id`),
  KEY `speaker_id` (`speaker_id`),
  KEY `event_id` (`event_id`),
  CONSTRAINT `events_speakers_ibfk_1` FOREIGN KEY (`speaker_id`) REFERENCES `speakers` (`id`) ON DELETE CASCADE,
  CONSTRAINT `events_speakers_ibfk_2` FOREIGN KEY (`event_id`) REFERENCES `events` (`id`) ON DELETE CASCADE
) ENGINE=InnoDB AUTO_INCREMENT=6 DEFAULT CHARSET=latin1;
/*!40101 SET character_set_client = @saved_cs_client */;

--
-- Dumping data for table `events_speakers`
--

LOCK TABLES `events_speakers` WRITE;
/*!40000 ALTER TABLE `events_speakers` DISABLE KEYS */;
INSERT INTO `events_speakers` VALUES (1,1,1),(2,2,1),(3,7,2),(4,6,2),(5,7,3);
/*!40000 ALTER TABLE `events_speakers` ENABLE KEYS */;
UNLOCK TABLES;

--
-- Table structure for table `genders`
--

DROP TABLE IF EXISTS `genders`;
/*!40101 SET @saved_cs_client     = @@character_set_client */;
/*!40101 SET character_set_client = utf8 */;
CREATE TABLE `genders` (
  `id` int(11) NOT NULL AUTO_INCREMENT,
  `name` varchar(10) NOT NULL,
  PRIMARY KEY (`id`)
) ENGINE=InnoDB AUTO_INCREMENT=4 DEFAULT CHARSET=latin1;
/*!40101 SET character_set_client = @saved_cs_client */;

--
-- Dumping data for table `genders`
--

LOCK TABLES `genders` WRITE;
/*!40000 ALTER TABLE `genders` DISABLE KEYS */;
INSERT INTO `genders` VALUES (1,'Masculino'),(2,'Femenino'),(3,'Otros');
/*!40000 ALTER TABLE `genders` ENABLE KEYS */;
UNLOCK TABLES;

--
-- Table structure for table `provinces`
--

DROP TABLE IF EXISTS `provinces`;
/*!40101 SET @saved_cs_client     = @@character_set_client */;
/*!40101 SET character_set_client = utf8 */;
CREATE TABLE `provinces` (
  `id` int(11) NOT NULL AUTO_INCREMENT,
  `name` varchar(30) NOT NULL,
  `department_id` int(11) DEFAULT NULL,
  PRIMARY KEY (`id`),
  KEY `department_id` (`department_id`),
  CONSTRAINT `provinces_ibfk_1` FOREIGN KEY (`department_id`) REFERENCES `departments` (`id`) ON DELETE CASCADE
) ENGINE=InnoDB AUTO_INCREMENT=195 DEFAULT CHARSET=latin1;
/*!40101 SET character_set_client = @saved_cs_client */;

--
-- Dumping data for table `provinces`
--

LOCK TABLES `provinces` WRITE;
/*!40000 ALTER TABLE `provinces` DISABLE KEYS */;
INSERT INTO `provinces` VALUES (1,'Chachapoyas',1),(2,'Bagua ',1),(3,'Bongara ',1),(4,'Condorcanqui',1),(5,'Luya ',1),(6,'Rodriguez De Mendo',1),(7,'Utcubamba',1),(8,'Huaraz',2),(9,'Aija',2),(10,'Antonio Raymondi',2),(11,'Asunción',2),(12,'Bolognesi',2),(13,'Carhuaz',2),(14,'Carlos F. Fitzcarrald',2),(15,'Casma ',2),(16,'Corongo ',2),(17,'Huari',2),(18,'Huarmey ',2),(19,'Huaylas',2),(20,'Mariscal Luzuriaga',2),(21,'Ocros ',2),(22,'Pallasca ',2),(23,'Pomabamba',2),(24,'Recuay',2),(25,'Santa',2),(26,'Sihuas ',2),(27,'Yungay',2),(28,'Abancay',3),(29,'Andahuaylas',3),(30,'Antabamba',3),(31,'Aymaraes',3),(32,'Cotabambas',3),(33,'Chincheros',3),(34,'Grau',3),(35,'Arequipa',4),(36,'Camana',4),(37,'Caraveli',4),(38,'Castilla',4),(39,'Caylloma',4),(40,'Condesuyos',4),(41,'Islay',4),(42,'La Union ',4),(43,'Huamanga',5),(44,'Cangallo ',5),(45,'Huanca Sancos',5),(46,'Huanta',5),(47,'La Mar',5),(48,'Lucanas',5),(49,'Parinacochas',5),(50,'Paucar Del Sara Sara',5),(51,'Sucre',5),(52,'Victor Fajardo',5),(53,'Vilcas Huaman',5),(54,'Cajamarca',6),(55,'Cajabamba',6),(56,'Celendin ',6),(57,'Chota ',6),(58,'Contumaza ',6),(59,'Cutervo ',6),(60,'Hualgayoc',6),(61,'Jaen',6),(62,'San Ignacio',6),(63,'San Marcos',6),(64,'San Miguel ',6),(65,'San Pablo',6),(66,'Santa Cruz',6),(67,'Callao',7),(68,'Cusco ',8),(69,'Acomayo ',8),(70,'Anta',8),(71,'Calca',8),(72,'Canas ',8),(73,'Canchis',8),(74,'Chumbivilcas',8),(75,'Espinar',8),(76,'La Convencion',8),(77,'Paruro ',8),(78,'Paucartambo',8),(79,'Quispicanchi',8),(80,'Urubamba',8),(81,'Huancavelica',9),(82,'Acobamba ',9),(83,'Angaraes ',9),(84,'Castrovirreyna',9),(85,'Churcampa',9),(86,'Huaytara',9),(87,'Tayacaja',9),(88,'Huanuco ',10),(89,'Ambo ',10),(90,'Dos De Mayo',10),(91,'Huacaybamba',10),(92,'Huamalies',10),(93,'Leoncio Prado',10),(94,'Marañón',10),(95,'Pachitea ',10),(96,'Puerto Inca ',10),(97,'Lauricocha ',10),(98,'Yarowilca',10),(99,'Ica',11),(100,'Chincha',11),(101,'Nazca ',11),(102,'Palpa  ',11),(103,'Pisco ',11),(104,'Huancayo',12),(105,'Concepcion',12),(106,'Chanchamayo',12),(107,'Jauja',12),(108,'Junin ',12),(109,'Satipo ',12),(110,'Tarma ',12),(111,'Yauli',12),(112,'Chupaca',12),(113,'Trujillo',13),(114,'Ascope',13),(115,'Bolivar ',13),(116,'Chepen ',13),(117,'Julcan ',13),(118,'Otuzco ',13),(119,'Pacasmayo',13),(120,'Pataz',13),(121,'Sanchez Carrion',13),(122,'Santiago De Chuco',13),(123,'Gran Chimu',13),(124,'Viru',13),(125,'Chiclayo',14),(126,'Ferreñafe',14),(127,'Lambayeque ',14),(128,'Lima',15),(129,'Barranca ',15),(130,'Cajatambo',15),(131,'Canta',15),(132,'Cañete',15),(133,'Huaral ',15),(134,'Huarochiri ',15),(135,'Huaura',15),(136,'Oyon',15),(137,'Yauyos ',15),(138,'Maynas',16),(139,'Alto Amazonas',16),(140,'Loreto',16),(141,'Mariscal Ramon Castilla',16),(142,'Requena ',16),(143,'Ucayali ',16),(144,'Tambopata ',17),(145,'Manu ',17),(146,'Tahuamanu',17),(147,'Mariscal Nieto',18),(148,'General Sanchez Cerro',18),(149,'Ilo',18),(150,'Pasco',19),(151,'Daniel Alcides Carrion',19),(152,'Oxapampa',19),(153,'Piura',20),(154,'Ayabaca',20),(155,'Huancabamba',20),(156,'Morropon',20),(157,'Paita',20),(158,'Sullana ',20),(159,'Talara ',20),(160,'Sechura ',20),(161,'Puno',21),(162,'Azangaro',21),(163,'Carabaya ',21),(164,'Chucuito ',21),(165,'El Collao  ',21),(166,'Huancane ',21),(167,'Lampa',21),(168,'Melgar ',21),(169,'Moho ',21),(170,'San Antonio De Putina ',21),(171,'San Roman ',21),(172,'Sandia ',21),(173,'Yunguyo ',21),(174,'Moyobamba ',22),(175,'Bellavista ',22),(176,'El Dorado ',22),(177,'Huallaga ',22),(178,'Lamas',22),(179,'Mariscal Caceres',22),(180,'Picota',22),(181,'Rioja',22),(182,'San Martin  ',22),(183,'Tocache ',22),(184,'Tacna',23),(185,'Candarave',23),(186,'Jorge Basadre',23),(187,'Tarata',23),(188,'Tumbes',24),(189,'Contralmirante Villar',24),(190,'Zarumilla',24),(191,'Coronel Portillo',25),(192,'Atalaya',25),(193,'Padre Abad',25),(194,'Purus',25);
/*!40000 ALTER TABLE `provinces` ENABLE KEYS */;
UNLOCK TABLES;

--
-- Table structure for table `schema_migrations`
--

DROP TABLE IF EXISTS `schema_migrations`;
/*!40101 SET @saved_cs_client     = @@character_set_client */;
/*!40101 SET character_set_client = utf8 */;
CREATE TABLE `schema_migrations` (
  `version` varchar(255) NOT NULL,
  PRIMARY KEY (`version`)
) ENGINE=InnoDB DEFAULT CHARSET=latin1;
/*!40101 SET character_set_client = @saved_cs_client */;

--
-- Dumping data for table `schema_migrations`
--

LOCK TABLES `schema_migrations` WRITE;
/*!40000 ALTER TABLE `schema_migrations` DISABLE KEYS */;
INSERT INTO `schema_migrations` VALUES ('20180716031559'),('20180716032053'),('20180716033310'),('20180716033439'),('20180716033614'),('20180716033710'),('20180716035126'),('20201015014657'),('20201015014702'),('20201016163807'),('20201016170903'),('20201017020259'),('20201118144041'),('20201118144047'),('20201118145050'),('20201118145055'),('20201118150654'),('20201118150655'),('20201118151002'),('20201123133044'),('20201123145825'),('20201127212848');
/*!40000 ALTER TABLE `schema_migrations` ENABLE KEYS */;
UNLOCK TABLES;

--
-- Table structure for table `speakers`
--

DROP TABLE IF EXISTS `speakers`;
/*!40101 SET @saved_cs_client     = @@character_set_client */;
/*!40101 SET character_set_client = utf8 */;
CREATE TABLE `speakers` (
  `id` int(11) NOT NULL AUTO_INCREMENT,
  `code` int(11) DEFAULT NULL,
  `tuition` int(11) DEFAULT NULL,
  `dni` varchar(8) NOT NULL,
  `names` varchar(50) NOT NULL,
  `last_names` varchar(50) NOT NULL,
  `email` varchar(50) DEFAULT NULL,
  `phone` varchar(20) DEFAULT NULL,
  `picture_url` varchar(100) DEFAULT NULL,
  `resume` text,
  `gender_id` int(11) DEFAULT NULL,
  PRIMARY KEY (`id`),
  KEY `gender_id` (`gender_id`),
  CONSTRAINT `speakers_ibfk_1` FOREIGN KEY (`gender_id`) REFERENCES `genders` (`id`) ON DELETE CASCADE
) ENGINE=InnoDB AUTO_INCREMENT=8 DEFAULT CHARSET=latin1;
/*!40101 SET character_set_client = @saved_cs_client */;

--
-- Dumping data for table `speakers`
--

LOCK TABLES `speakers` WRITE;
/*!40000 ALTER TABLE `speakers` DISABLE KEYS */;
INSERT INTO `speakers` VALUES (1,1,123123,'','Alexandre','Almeida del Savio','','','uploads/z8PWNKnUwRYlZScDbgiq.jpg','Doctor en Ingeniería Civil por la Pontificia Universidad Católica de Río de Janeiro y del Imperial College London, con especialidad en Ingeniería Estructural. Investigador de proyectos de desarrollo tecnológico, con publicaciones de más de 12 trabajos técnicos en revistas internacionales. ',1),(2,1,123123,'','Rosa Altamirano','Medina de Zuloaga','','','uploads/nHLgGzYdt3Il0uAweiUB.jpg','Ingeniera química por la Universidad Nacional Mayor de San Marcos. Magíster en Gestión Tecnológica Empresarial por la Universidad Nacional de Ingeniería (UNI). Título de Especialista en Gestión y Protección Medio Ambiental en Recursos Minerales del Programa Internacional de Post Grado de la Universidad Politécnica de Madrid.',2),(3,1,819023,'','Martín Adrián','Altuna González','','','uploads/mt6Qs4FfJkdlXiPONeCp.jpg','Ingeniero mecánico por la Pontificia Universidad Católica del Perú (PUCP). Magíster en Docencia Universitaria por la Universidad César Vallejo. Estudios culminados de maestría en Enseñanza de la Matemática en la PUCP. ',1),(4,1,5234234,'','Ludy Margarita','Cáceres Montero','','','uploads/oKQ75lhwJ48sFytPeCLf.jpg','Doctora en Ingeniería de Materiales, Procesos Químicos y Metalúrgicos por la Pontificia Universida de Católica do Rio de Janeiro, con área de concentración en Ingeniería de Procesos y Medio ambiente. Egresada del programa de Ingeniería Química de la Universidad Industrial de Santander',2),(5,1,31237978,'','Meryelem Tania','Churampi Arellano','','','uploads/6mhy5GE2flsTicgBuDCn.jpg','Doctora en Ingeniería de Materiales, Procesos Químicos y Metalúrgicos por la Pontificia Universidad Católica de Rio de Janeiro, con Postgrado en Ingeniería de Procesos Químicos y Metalúrgicos con mención en Medio Ambiente por la PUC-Rio de Janeiro- Brasil, titulado y colegiado como Ingeniero Químico.',2),(6,1,19038,'','Daniel Gustavo','Espinoza González','','','uploads/jm01loZvFs5Bu2cUt6hd.jpg','Ingeniero civil por la Universidad Ricardo Palma, Magíster en Administración de Negocios por la Universidad de Lima, Project Management Professional por el Project Management Institute, con especializaciones en Gerencia de Proyectos por ESAN y en mantenimiento y rehabilitación de pavimentos por la American Society of Civil Engineers.',1),(7,1,918237,'','Jaime Heman','Espinoza Sandoval','','','uploads/jlziTWNVhGbPSsncC9X1.jpg','Ingeniero civil por la Universidad Nacional de Ingeniería (UNI). Maestro en Ciencias de la Educación con mención en Docencia Universitaria por la Universidad Nacional Enrique Guzmán y Valle - La Cantuta. ',1);
/*!40000 ALTER TABLE `speakers` ENABLE KEYS */;
UNLOCK TABLES;

--
-- Table structure for table `specialisms`
--

DROP TABLE IF EXISTS `specialisms`;
/*!40101 SET @saved_cs_client     = @@character_set_client */;
/*!40101 SET character_set_client = utf8 */;
CREATE TABLE `specialisms` (
  `id` int(11) NOT NULL AUTO_INCREMENT,
  `name` varchar(45) NOT NULL,
  PRIMARY KEY (`id`)
) ENGINE=InnoDB AUTO_INCREMENT=9 DEFAULT CHARSET=latin1;
/*!40101 SET character_set_client = @saved_cs_client */;

--
-- Dumping data for table `specialisms`
--

LOCK TABLES `specialisms` WRITE;
/*!40000 ALTER TABLE `specialisms` DISABLE KEYS */;
INSERT INTO `specialisms` VALUES (1,'Derechos Humanos'),(2,'Derecho Internacional'),(3,'Derecho Corporativo o Empresarial'),(4,'Derecho Civil'),(5,'Derecho Penal'),(6,'Derecho Mercantil'),(7,'Derecho Tributario'),(8,'Derecho Laboral');
/*!40000 ALTER TABLE `specialisms` ENABLE KEYS */;
UNLOCK TABLES;

--
-- Table structure for table `specialisms_speakers`
--

DROP TABLE IF EXISTS `specialisms_speakers`;
/*!40101 SET @saved_cs_client     = @@character_set_client */;
/*!40101 SET character_set_client = utf8 */;
CREATE TABLE `specialisms_speakers` (
  `id` int(11) NOT NULL AUTO_INCREMENT,
  `speaker_id` int(11) DEFAULT NULL,
  `specialism_id` int(11) DEFAULT NULL,
  PRIMARY KEY (`id`),
  KEY `speaker_id` (`speaker_id`),
  KEY `specialism_id` (`specialism_id`),
  CONSTRAINT `specialisms_speakers_ibfk_1` FOREIGN KEY (`speaker_id`) REFERENCES `speakers` (`id`) ON DELETE CASCADE,
  CONSTRAINT `specialisms_speakers_ibfk_2` FOREIGN KEY (`specialism_id`) REFERENCES `specialisms` (`id`) ON DELETE CASCADE
) ENGINE=InnoDB AUTO_INCREMENT=8 DEFAULT CHARSET=latin1;
/*!40101 SET character_set_client = @saved_cs_client */;

--
-- Dumping data for table `specialisms_speakers`
--

LOCK TABLES `specialisms_speakers` WRITE;
/*!40000 ALTER TABLE `specialisms_speakers` DISABLE KEYS */;
INSERT INTO `specialisms_speakers` VALUES (1,1,2),(2,1,3),(3,2,8),(4,2,7),(5,3,5),(6,4,1),(7,6,5);
/*!40000 ALTER TABLE `specialisms_speakers` ENABLE KEYS */;
UNLOCK TABLES;

--
-- Table structure for table `specialisms_students`
--

DROP TABLE IF EXISTS `specialisms_students`;
/*!40101 SET @saved_cs_client     = @@character_set_client */;
/*!40101 SET character_set_client = utf8 */;
CREATE TABLE `specialisms_students` (
  `id` int(11) NOT NULL AUTO_INCREMENT,
  `student_id` int(11) DEFAULT NULL,
  `specialism_id` int(11) DEFAULT NULL,
  PRIMARY KEY (`id`),
  KEY `student_id` (`student_id`),
  KEY `specialism_id` (`specialism_id`),
  CONSTRAINT `specialisms_students_ibfk_1` FOREIGN KEY (`student_id`) REFERENCES `students` (`id`) ON DELETE CASCADE,
  CONSTRAINT `specialisms_students_ibfk_2` FOREIGN KEY (`specialism_id`) REFERENCES `specialisms` (`id`) ON DELETE CASCADE
) ENGINE=InnoDB DEFAULT CHARSET=latin1;
/*!40101 SET character_set_client = @saved_cs_client */;

--
-- Dumping data for table `specialisms_students`
--

LOCK TABLES `specialisms_students` WRITE;
/*!40000 ALTER TABLE `specialisms_students` DISABLE KEYS */;
/*!40000 ALTER TABLE `specialisms_students` ENABLE KEYS */;
UNLOCK TABLES;

--
-- Table structure for table `students`
--

DROP TABLE IF EXISTS `students`;
/*!40101 SET @saved_cs_client     = @@character_set_client */;
/*!40101 SET character_set_client = utf8 */;
CREATE TABLE `students` (
  `id` int(11) NOT NULL AUTO_INCREMENT,
  `code` int(11) NOT NULL,
  `tuition` int(11) DEFAULT NULL,
  `dni` varchar(8) NOT NULL,
  `names` varchar(50) NOT NULL,
  `last_names` varchar(50) NOT NULL,
  `email` varchar(50) DEFAULT NULL,
  `phone` varchar(20) DEFAULT NULL,
  `picture_url` varchar(100) DEFAULT NULL,
  `address` varchar(120) DEFAULT NULL,
  `district_id` int(11) DEFAULT NULL,
  PRIMARY KEY (`id`),
  KEY `district_id` (`district_id`),
  CONSTRAINT `students_ibfk_1` FOREIGN KEY (`district_id`) REFERENCES `districts` (`id`) ON DELETE CASCADE
) ENGINE=InnoDB AUTO_INCREMENT=1001 DEFAULT CHARSET=latin1;
/*!40101 SET character_set_client = @saved_cs_client */;

--
-- Dumping data for table `students`
--

LOCK TABLES `students` WRITE;
/*!40000 ALTER TABLE `students` DISABLE KEYS */;
INSERT INTO `students` VALUES (1,2020001,60176,'44212955','Cherlyn Jobye','Aarons Daubeny','danker7@fotki.com','962-410-758','https://librenoticias.com/wp-content/uploads/2020/08/default-user-image.png','14 Lakewood Lane',1473),(2,2020002,5439,'72468688','Gretel Myrlene','Abadam Northill','mnorthill1c@cbc.ca','959-532-505','https://librenoticias.com/wp-content/uploads/2020/08/default-user-image.png','64705 Ridge Oak Pass',1357),(3,2020003,96476,'72483870','Aylmar Goober','Abercrombie Iashvili','giashviliz@apple.com','859-644-116','https://librenoticias.com/wp-content/uploads/2020/08/default-user-image.png','8639 Artisan Circle',979),(4,2020004,70263,'11934668','Meade Shay','Abrahams Moisey','smoisey0@google.de','153-127-151','https://librenoticias.com/wp-content/uploads/2020/08/default-user-image.png','5903 Bashford Road',572),(5,2020005,11862,'11617206','Chip Daren','Ackerley Canning','dcanning8z@independent.co.uk','257-198-311','https://librenoticias.com/wp-content/uploads/2020/08/default-user-image.png','280 Schiller Terrace',428),(6,2020006,19250,'80536687','Marguerite Greer','Adamolli Burkwood','gburkwood6t@wiley.com','512-980-865','https://librenoticias.com/wp-content/uploads/2020/08/default-user-image.png','8 Golden Leaf Trail',334),(7,2020007,22579,'46790316','Gannie Ludvig','Aguilar Thornewill','lthornewill7b@youtube.com','364-725-644','https://librenoticias.com/wp-content/uploads/2020/08/default-user-image.png','4456 Hanson Crossing',373),(8,2020008,61315,'31305938','Jameson Bernardo','Ahrendsen Hanniger','bhannigerb0@blogspot.com','305-976-247','https://librenoticias.com/wp-content/uploads/2020/08/default-user-image.png','253 Judy Junction',486),(9,2020009,53069,'20142617','Valma Brit','Ailward Shervington','bshervingtonm8@altervista.org','828-226-380','https://librenoticias.com/wp-content/uploads/2020/08/default-user-image.png','20 Graceland Trail',616),(10,2020010,1750,'19652571','Jenni Iris','Alabone Radborne','iradborneep@sitemeter.com','229-909-298','https://librenoticias.com/wp-content/uploads/2020/08/default-user-image.png','96923 Lighthouse Bay Hill',245),(11,2020011,1653,'39570945','Willy Guenna','Alekseev Geri','ggerij7@sciencedirect.com','189-844-310','https://librenoticias.com/wp-content/uploads/2020/08/default-user-image.png','7995 Ryan Street',554),(12,2020012,23364,'33571067','Shelden Vern','Alekseicik Sarl','vsarlqa@guardian.co.uk','406-951-106','https://librenoticias.com/wp-content/uploads/2020/08/default-user-image.png','51 Hayes Road',227),(13,2020013,55382,'56529283','Barrie Fabien','Algeo Stanborough','fstanboroughlw@wordpress.org','225-751-650','https://librenoticias.com/wp-content/uploads/2020/08/default-user-image.png','55 Bashford Crossing',1141),(14,2020014,1719,'97606295','Lian Glyn','Allabarton Postan','gpostanr8@drupal.org','976-753-961','https://librenoticias.com/wp-content/uploads/2020/08/default-user-image.png','2010 Village Green Pass',1201),(15,2020015,27883,'40576872','Yale Hebert','Allabush Zammitt','hzammitt39@com.com','303-616-956','https://librenoticias.com/wp-content/uploads/2020/08/default-user-image.png','28 Northridge Drive',622),(16,2020016,44109,'48341704','Kylynn Della','Allinson Clinch','dclincheo@zdnet.com','449-356-819','https://librenoticias.com/wp-content/uploads/2020/08/default-user-image.png','3 Schlimgen Junction',1141),(17,2020017,32520,'72793612','Karim Hugh','Allot Bilton','hbiltonnm@merriam-webster.com','433-149-611','https://librenoticias.com/wp-content/uploads/2020/08/default-user-image.png','33 Bobwhite Parkway',1117),(18,2020018,86322,'67096685','Felike Joshua','Ambrosoli Schulz','jschulz6y@nationalgeographic.com','943-703-199','https://librenoticias.com/wp-content/uploads/2020/08/default-user-image.png','3 Killdeer Plaza',347),(19,2020019,42793,'57300877','Nannette Rhianna','Andrault Hastin','rhastin1e@arstechnica.com','302-318-655','https://librenoticias.com/wp-content/uploads/2020/08/default-user-image.png','95 Little Fleur Drive',263),(20,2020020,71892,'26668074','Moe Darwin','Andreia Morfett','dmorfettjv@discovery.com','985-985-301','https://librenoticias.com/wp-content/uploads/2020/08/default-user-image.png','79 Loftsgordon Court',287),(21,2020021,14870,'15371008','Ursuline Gilbertina','Andress Spens','gspensm7@independent.co.uk','684-247-871','https://librenoticias.com/wp-content/uploads/2020/08/default-user-image.png','42732 Cascade Alley',1259),(22,2020022,81047,'99619549','Horace Nat','Andrus Adami','nadami1i@newyorker.com','709-249-750','https://librenoticias.com/wp-content/uploads/2020/08/default-user-image.png','44097 Coleman Pass',337),(23,2020023,71865,'65615582','Ford Sander','Andryszczak Raubenheim','sraubenheim9f@chicagotribune.com','679-329-316','https://librenoticias.com/wp-content/uploads/2020/08/default-user-image.png','9 Hudson Crossing',1268),(24,2020024,10612,'47636167','Reiko Tana','Angove Digby','tdigby5y@freewebs.com','215-475-956','https://librenoticias.com/wp-content/uploads/2020/08/default-user-image.png','63 Heath Hill',401),(25,2020025,43426,'54859147','Ozzie Penny','Annatt Paynter','ppaynterlb@huffingtonpost.com','574-651-602','https://librenoticias.com/wp-content/uploads/2020/08/default-user-image.png','5 Hintze Court',1487),(26,2020026,80366,'19490916','Rodrigo Osgood','Annice Child','ochildjs@google.ca','975-639-830','https://librenoticias.com/wp-content/uploads/2020/08/default-user-image.png','180 Vahlen Alley',518),(27,2020027,24098,'12593054','Kori Dora','Antat Anker','danker7@fotki.com','519-247-727','https://librenoticias.com/wp-content/uploads/2020/08/default-user-image.png','1759 Wayridge Hill',1177),(28,2020028,48650,'10846326','Vincent Eugen','Aprahamian Pawfoot','epawfootes@list-manage.com','826-490-467','https://librenoticias.com/wp-content/uploads/2020/08/default-user-image.png','16 Sunbrook Trail',546),(29,2020029,34294,'60384983','Collette Leonelle','Aries Leguey','llegueyig@columbia.edu','910-695-458','https://librenoticias.com/wp-content/uploads/2020/08/default-user-image.png','30978 Redwing Point',73),(30,2020030,93670,'70737326','Ferdinand Manolo','Arlet Lorait','mloraitbn@amazonaws.com','843-689-325','https://librenoticias.com/wp-content/uploads/2020/08/default-user-image.png','97 Lien Hill',658),(31,2020031,10910,'94777479','Onfre Rodrigo','Armatys MacGeaney','rmacgeaney2d@discovery.com','503-352-707','https://librenoticias.com/wp-content/uploads/2020/08/default-user-image.png','30 Londonderry Way',685),(32,2020032,49354,'53819676','Ferdie Woodie','Aronowicz MacNish','wmacnishpu@gnu.org','810-213-665','https://librenoticias.com/wp-content/uploads/2020/08/default-user-image.png','2 Cody Drive',1037),(33,2020033,97429,'22069143','Lebbie Bria','Artharg Neeves','bneeves7l@jimdo.com','533-993-780','https://librenoticias.com/wp-content/uploads/2020/08/default-user-image.png','4130 Muir Street',285),(34,2020034,48742,'63112143','Zacharias Jedediah','Arundell Chilvers','jchilversog@blogger.com','504-638-390','https://librenoticias.com/wp-content/uploads/2020/08/default-user-image.png','479 Prentice Center',1457),(35,2020035,11200,'71802628','Stormi Correna','Ashcroft Donne','cdonnec@blog.com','791-608-807','https://librenoticias.com/wp-content/uploads/2020/08/default-user-image.png','60433 Oakridge Alley',691),(36,2020036,75902,'18526416','Caresse Darleen','Aspell Vize','dvizel7@icq.com','677-173-590','https://librenoticias.com/wp-content/uploads/2020/08/default-user-image.png','5677 Meadow Valley Avenue',485),(37,2020037,79737,'11049490','Cornelle Adriena','Astles Cattermoul','acattermoulil@usda.gov','848-581-390','https://librenoticias.com/wp-content/uploads/2020/08/default-user-image.png','11517 Harbort Center',273),(38,2020038,90081,'15499149','Janetta Farrand','Astridge Hamilton','fhamilton3w@ibm.com','607-632-906','https://librenoticias.com/wp-content/uploads/2020/08/default-user-image.png','577 Sheridan Junction',1114),(39,2020039,51759,'90024584','Katine Hettie','Attfield Poulglais','hpoulglais11@foxnews.com','976-757-378','https://librenoticias.com/wp-content/uploads/2020/08/default-user-image.png','89797 Derek Crossing',1296),(40,2020040,55998,'42843685','Bernardo Zed','Aubri Markl','zmarklhf@artisteer.com','100-325-627','https://librenoticias.com/wp-content/uploads/2020/08/default-user-image.png','058 Meadow Vale Trail',1404),(41,2020041,79016,'19892120','Essa Kandy','Ault Yelland','kyelland3t@yahoo.co.jp','301-287-948','https://librenoticias.com/wp-content/uploads/2020/08/default-user-image.png','3 Tennyson Park',971),(42,2020042,38742,'25810571','Fairlie Granville','Austin Zanetti','gzanetti3q@buzzfeed.com','452-543-810','https://librenoticias.com/wp-content/uploads/2020/08/default-user-image.png','614 Sachs Place',1116),(43,2020043,17672,'65096169','Peterus Ber','Avramovsky Goodhand','bgoodhandhc@symantec.com','570-434-888','https://librenoticias.com/wp-content/uploads/2020/08/default-user-image.png','3517 Waubesa Circle',1368),(44,2020044,9876,'52221144','Alessandra Martynne','Axcel D\'Oyley','mdoyley74@cam.ac.uk','566-759-862','https://librenoticias.com/wp-content/uploads/2020/08/default-user-image.png','1 Myrtle Alley',1461),(45,2020045,21149,'67749149','Emelita Elfrida','Axworthy Matfield','ematfieldix@dmoz.org','500-302-100','https://librenoticias.com/wp-content/uploads/2020/08/default-user-image.png','54 Gina Lane',970),(46,2020046,28751,'20088543','Chevy Myles','Aylward Sotworth','msotwortho8@foxnews.com','235-862-941','https://librenoticias.com/wp-content/uploads/2020/08/default-user-image.png','108 Redwing Terrace',1190),(47,2020047,52094,'35901346','Ginger Vincenz','Aymer Ofen','vofenfv@altervista.org','635-406-311','https://librenoticias.com/wp-content/uploads/2020/08/default-user-image.png','17636 Heffernan Drive',1444),(48,2020048,44273,'77871941','Arabelle Fayre','Azema Filochov','ffilochov45@imgur.com','860-234-269','https://librenoticias.com/wp-content/uploads/2020/08/default-user-image.png','890 Lakewood Gardens Court',986),(49,2020049,6269,'32924888','Si Clifford','Backshaw Crippill','ccrippill8s@miibeian.gov.cn','667-528-329','https://librenoticias.com/wp-content/uploads/2020/08/default-user-image.png','68474 Fairfield Alley',588),(50,2020050,12397,'12811098','Dotty Hali','Balcers Lujan','hlujan7x@freewebs.com','609-539-683','https://librenoticias.com/wp-content/uploads/2020/08/default-user-image.png','76459 Corscot Park',1303),(51,2020051,66517,'62592480','Davie Byrle','Bamforth Elegood','belegood91@marketwatch.com','872-154-716','https://librenoticias.com/wp-content/uploads/2020/08/default-user-image.png','2583 Oak Valley Road',334),(52,2020052,39680,'87969132','Michelle Cora','Barbera Antonoczyk','cantonoczykmj@google.pl','893-253-679','https://librenoticias.com/wp-content/uploads/2020/08/default-user-image.png','04 Hooker Way',207),(53,2020053,53529,'54673789','Denni Janeta','Bargh Fellon','jfellonng@themeforest.net','157-148-363','https://librenoticias.com/wp-content/uploads/2020/08/default-user-image.png','3 Monica Street',240),(54,2020054,43214,'22945804','Forrester Benedict','Barnwille Coolican','bcoolican7j@google.de','654-939-195','https://librenoticias.com/wp-content/uploads/2020/08/default-user-image.png','7 Manley Terrace',1133),(55,2020055,30647,'84757866','Nina Crista','Barrabeale Lemmen','clemmenrk@acquirethisname.com','521-488-475','https://librenoticias.com/wp-content/uploads/2020/08/default-user-image.png','0 Northland Alley',639),(56,2020056,34969,'79729597','Wilhelmina Noni','Barsby Obert','nobertcf@mozilla.org','469-149-422','https://librenoticias.com/wp-content/uploads/2020/08/default-user-image.png','236 Bartelt Park',1166),(57,2020057,82641,'92948605','Gavin Hewie','Barthrop Chastagnier','hchastagnierv@eventbrite.com','235-569-486','https://librenoticias.com/wp-content/uploads/2020/08/default-user-image.png','160 Commercial Circle',213),(58,2020058,95811,'35630256','Cindra Vonnie','Bartoszewski Mateu','vmateurq@mysql.com','334-146-192','https://librenoticias.com/wp-content/uploads/2020/08/default-user-image.png','26 Bowman Lane',1105),(59,2020059,74665,'27940689','Stephen Cece','Bascombe Ayer','cayer4u@theglobeandmail.com','690-662-801','https://librenoticias.com/wp-content/uploads/2020/08/default-user-image.png','3743 Upham Pass',926),(60,2020060,19796,'36118582','Beau Niel','Basini-Gazzi Ogden','nogdenmh@slate.com','243-298-888','https://librenoticias.com/wp-content/uploads/2020/08/default-user-image.png','00511 Village Green Lane',876),(61,2020061,51322,'63289177','Mei Ailina','Basley Fice','aficeg0@google.com.br','480-511-744','https://librenoticias.com/wp-content/uploads/2020/08/default-user-image.png','48 Manufacturers Place',139),(62,2020062,30332,'47621087','Rivkah Leisha','Bassilashvili Gittins','lgittinsoq@va.gov','370-103-983','https://librenoticias.com/wp-content/uploads/2020/08/default-user-image.png','91767 Kensington Terrace',233),(63,2020063,32032,'30766583','Connor Georgy','Baton Driffe','gdriffee6@altervista.org','193-809-348','https://librenoticias.com/wp-content/uploads/2020/08/default-user-image.png','46 Michigan Alley',1026),(64,2020064,2560,'58127407','Norene Lorette','Baudet Balog','lbalog9z@wix.com','511-740-508','https://librenoticias.com/wp-content/uploads/2020/08/default-user-image.png','79 Donald Lane',45),(65,2020065,72127,'20489068','Yancey Linoel','Beach Ilchenko','lilchenko6m@nifty.com','193-944-854','https://librenoticias.com/wp-content/uploads/2020/08/default-user-image.png','64 North Junction',769),(66,2020066,64540,'13940338','Cornie Victor','Beake Pumfrey','vpumfreybq@gnu.org','260-703-531','https://librenoticias.com/wp-content/uploads/2020/08/default-user-image.png','2076 Farragut Trail',1235),(67,2020067,44294,'71823800','Winny Cory','Beaze Matteoli','cmatteolig8@unicef.org','121-950-844','https://librenoticias.com/wp-content/uploads/2020/08/default-user-image.png','272 Vahlen Parkway',136),(68,2020068,83690,'32357196','Eleonore Gaylene','Beckensall Hunnicot','ghunnicotme@twitpic.com','925-766-885','https://librenoticias.com/wp-content/uploads/2020/08/default-user-image.png','947 Hooker Road',644),(69,2020069,32075,'76103990','Binny Corabel','Beckitt McSpirron','cmcspirronn@canalblog.com','866-785-679','https://librenoticias.com/wp-content/uploads/2020/08/default-user-image.png','94550 Londonderry Street',153),(70,2020070,27263,'22072436','Aggie Melinde','Beenham Lyddiard','mlyddiardqi@etsy.com','618-214-133','https://librenoticias.com/wp-content/uploads/2020/08/default-user-image.png','78 Golf View Terrace',23),(71,2020071,58988,'72222945','Xerxes Rriocard','Beglin Rydings','rrydingsbk@booking.com','821-912-490','https://librenoticias.com/wp-content/uploads/2020/08/default-user-image.png','6162 Claremont Road',381),(72,2020072,55190,'58189175','Conny Ferdy','Bellwood Ahrens','fahrensol@whitehouse.gov','482-581-730','https://librenoticias.com/wp-content/uploads/2020/08/default-user-image.png','310 Tomscot Way',491),(73,2020073,22287,'82291480','Aldridge Paten','Bennett Sinnott','psinnottjr@issuu.com','971-492-946','https://librenoticias.com/wp-content/uploads/2020/08/default-user-image.png','68 Elmside Trail',609),(74,2020074,45671,'11036844','Sherman Allister','Bennoe Hamlyn','ahamlyne4@google.com.au','574-249-151','https://librenoticias.com/wp-content/uploads/2020/08/default-user-image.png','7 Walton Avenue',943),(75,2020075,84495,'53628123','Dory Brenda','Bensley Corwood','bcorwood7i@state.tx.us','371-170-120','https://librenoticias.com/wp-content/uploads/2020/08/default-user-image.png','5856 Bellgrove Plaza',139),(76,2020076,66201,'19913023','Lin Aveline','Benting Glover','agloveri1@shinystat.com','694-608-176','https://librenoticias.com/wp-content/uploads/2020/08/default-user-image.png','11782 Bunting Alley',1330),(77,2020077,13335,'18576158','Ianthe Danyette','Berdale Normaville','dnormaville1n@comcast.net','608-971-787','https://librenoticias.com/wp-content/uploads/2020/08/default-user-image.png','884 Lakewood Gardens Junction',289),(78,2020078,66256,'13542667','Adda Heloise','Berth Marwood','hmarwood9e@wikimedia.org','896-748-435','https://librenoticias.com/wp-content/uploads/2020/08/default-user-image.png','673 Nobel Junction',1205),(79,2020079,90178,'17478189','Leigh Ianthe','Bessent Tansill','itansillfs@about.me','413-417-504','https://librenoticias.com/wp-content/uploads/2020/08/default-user-image.png','4633 Center Street',1060),(80,2020080,10660,'95145377','Rena Theodora','Beswick Djokic','tdjokicoy@umich.edu','436-989-554','https://librenoticias.com/wp-content/uploads/2020/08/default-user-image.png','304 Springview Drive',1176),(81,2020081,88149,'90339701','Bambi Odella','Betancourt Skarin','oskarin78@vk.com','566-857-684','https://librenoticias.com/wp-content/uploads/2020/08/default-user-image.png','5 Stuart Way',739),(82,2020082,24595,'64556098','Antoine Mortimer','Bettam Sanpere','msanperet@fda.gov','456-374-296','https://librenoticias.com/wp-content/uploads/2020/08/default-user-image.png','5 Green Way',1277),(83,2020083,31971,'78207897','Fernanda Dyan','Betun Kimber','dkimber1p@chicagotribune.com','558-452-860','https://librenoticias.com/wp-content/uploads/2020/08/default-user-image.png','91 Dexter Trail',755),(84,2020084,83953,'65036522','Derrik Stanford','Biggar Dmych','sdmych9m@wikimedia.org','577-491-515','https://librenoticias.com/wp-content/uploads/2020/08/default-user-image.png','526 Fair Oaks Junction',536),(85,2020085,66892,'18857129','Mohandis Jakob','Biggs Pomfrett','jpomfrettmp@va.gov','946-289-381','https://librenoticias.com/wp-content/uploads/2020/08/default-user-image.png','0012 Sutteridge Plaza',832),(86,2020086,86480,'99312204','Clarette Chiquita','Bigley Jukubczak','cjukubczakne@wp.com','600-568-601','https://librenoticias.com/wp-content/uploads/2020/08/default-user-image.png','509 Hollow Ridge Hill',1173),(87,2020087,94370,'63992219','Abbey Mike','Binley Jonuzi','mjonuzicd@vk.com','686-771-271','https://librenoticias.com/wp-content/uploads/2020/08/default-user-image.png','8805 Fuller Junction',792),(88,2020088,76620,'87529135','Rooney Thatcher','Bisseker Wedgbrow','twedgbrowc1@csmonitor.com','646-124-769','https://librenoticias.com/wp-content/uploads/2020/08/default-user-image.png','0101 Delaware Street',708),(89,2020089,31596,'21275396','Nessa Niki','Black Pardoe','npardoeqr@umich.edu','544-389-761','https://librenoticias.com/wp-content/uploads/2020/08/default-user-image.png','25 Nelson Lane',572),(90,2020090,58096,'18279854','Dahlia Ertha','Blackborn Brower','ebrowerd8@state.tx.us','641-345-519','https://librenoticias.com/wp-content/uploads/2020/08/default-user-image.png','82 Mallory Crossing',1230),(91,2020091,24080,'68686622','Regen Urbano','Blackwood Ceresa','uceresa9y@tripadvisor.com','291-965-675','https://librenoticias.com/wp-content/uploads/2020/08/default-user-image.png','2 Straubel Street',1367),(92,2020092,96317,'14786366','Lazaro Gavan','Blades Beevis','gbeevisoe@seesaa.net','982-958-853','https://librenoticias.com/wp-content/uploads/2020/08/default-user-image.png','24594 Sutherland Alley',1297),(93,2020093,91007,'20595370','Truda Amandie','Blakeney Chaffer','achafferj5@dell.com','279-919-503','https://librenoticias.com/wp-content/uploads/2020/08/default-user-image.png','583 Springs Hill',493),(94,2020094,75064,'29801522','Christoffer Antons','Blaszczynski Drury','adruryl1@ehow.com','966-130-383','https://librenoticias.com/wp-content/uploads/2020/08/default-user-image.png','7540 Crest Line Drive',1167),(95,2020095,31007,'76212420','Jordain Milly','Blaylock Sayre','msayre2b@ocn.ne.jp','417-335-803','https://librenoticias.com/wp-content/uploads/2020/08/default-user-image.png','86810 Springs Plaza',1058),(96,2020096,92611,'40223608','Winthrop Donny','Blazy Obray','dobraygo@ihg.com','918-694-734','https://librenoticias.com/wp-content/uploads/2020/08/default-user-image.png','559 Mifflin Trail',132),(97,2020097,51293,'90978320','Mikael Buiron','Bleue Arr','barria@npr.org','782-928-676','https://librenoticias.com/wp-content/uploads/2020/08/default-user-image.png','6 Maple Wood Trail',139),(98,2020098,53398,'41536798','Darelle Brinn','Blinkhorn Coventry','bcoventryld@webmd.com','395-243-743','https://librenoticias.com/wp-content/uploads/2020/08/default-user-image.png','6568 Michigan Trail',164),(99,2020099,12381,'18165792','Wright Chrotoem','Blissett Hamblen','chambleny@home.pl','332-978-245','https://librenoticias.com/wp-content/uploads/2020/08/default-user-image.png','647 Corben Center',1311),(100,2020100,26037,'71677832','Tandy Mona','Blodgetts Wimpress','mwimpressir@purevolume.com','789-567-252','https://librenoticias.com/wp-content/uploads/2020/08/default-user-image.png','5 Artisan Place',825),(101,2020101,54599,'80313266','Sonnie Elden','Blowfelde Leddie','eleddiens@creativecommons.org','277-669-437','https://librenoticias.com/wp-content/uploads/2020/08/default-user-image.png','1048 Rutledge Terrace',1321),(102,2020102,60424,'29658056','Rob Lucius','Blowne Durning','ldurningl9@stanford.edu','748-394-967','https://librenoticias.com/wp-content/uploads/2020/08/default-user-image.png','81 Columbus Trail',1210),(103,2020103,43256,'71105941','Massimo Ronnie','Blyth McCrackan','rmccrackan4f@godaddy.com','361-666-238','https://librenoticias.com/wp-content/uploads/2020/08/default-user-image.png','3963 Northfield Center',1193),(104,2020104,84659,'97295245','Chanda Pammie','Bode Gordon-Giles','pgordongilesaw@cbc.ca','804-884-322','https://librenoticias.com/wp-content/uploads/2020/08/default-user-image.png','1030 Pine View Alley',1494),(105,2020105,8920,'49020302','Ryann Kaye','Boggas O\'Neal','koneal32@vistaprint.com','922-945-250','https://librenoticias.com/wp-content/uploads/2020/08/default-user-image.png','71 Forest Alley',17),(106,2020106,20082,'82758551','Ev Bartlet','Boissieux Crighton','bcrightonjc@alexa.com','780-476-930','https://librenoticias.com/wp-content/uploads/2020/08/default-user-image.png','3 Westridge Lane',116),(107,2020107,9749,'93218613','Liuka Ora','Bole Schollick','oschollicklz@google.es','378-458-459','https://librenoticias.com/wp-content/uploads/2020/08/default-user-image.png','122 Blackbird Drive',912),(108,2020108,27767,'86902972','Perri Annabell','Bollins Blitzer','ablitzer1v@mozilla.com','597-205-148','https://librenoticias.com/wp-content/uploads/2020/08/default-user-image.png','69 Carioca Place',1180),(109,2020109,74816,'26191804','Margalit Georgetta','Bonar Radbond','gradbondqw@ezinearticles.com','514-468-277','https://librenoticias.com/wp-content/uploads/2020/08/default-user-image.png','29551 Prentice Avenue',1417),(110,2020110,30433,'26371778','Korella Gusta','Boness Depka','gdepkac8@ehow.com','280-668-165','https://librenoticias.com/wp-content/uploads/2020/08/default-user-image.png','432 Dottie Court',426),(111,2020111,58435,'45532404','Barnard Ewell','Bonett Newman','enewmanhb@disqus.com','571-833-192','https://librenoticias.com/wp-content/uploads/2020/08/default-user-image.png','567 Vidon Center',325),(112,2020112,14198,'26147045','Ivett Scarlett','Bonicelli Lorkings','slorkings86@bloglovin.com','936-721-307','https://librenoticias.com/wp-content/uploads/2020/08/default-user-image.png','90 Maywood Trail',82),(113,2020113,10364,'87835463','Aline Valentina','Booth-Jarvis Kennet','vkennet2e@symantec.com','577-543-791','https://librenoticias.com/wp-content/uploads/2020/08/default-user-image.png','5 Novick Parkway',561),(114,2020114,50122,'56656306','Porter Etan','Bootton Denson','edenson17@livejournal.com','658-591-734','https://librenoticias.com/wp-content/uploads/2020/08/default-user-image.png','47863 Daystar Junction',423),(115,2020115,23018,'95791358','Putnam Jaymie','Borgesio Farnan','jfarnangj@naver.com','983-632-858','https://librenoticias.com/wp-content/uploads/2020/08/default-user-image.png','20 Continental Terrace',73),(116,2020116,31634,'57656046','Henri Carlie','Borghese Karmel','ckarmel69@example.com','217-557-706','https://librenoticias.com/wp-content/uploads/2020/08/default-user-image.png','14 Katie Way',1105),(117,2020117,91818,'90690823','Alene Aubrie','Bortolini Boase','aboase8t@goodreads.com','736-711-108','https://librenoticias.com/wp-content/uploads/2020/08/default-user-image.png','29101 Dayton Lane',328),(118,2020118,61331,'20957936','Zaccaria Myrvyn','Boston Sember','msemberhh@tiny.cc','527-373-958','https://librenoticias.com/wp-content/uploads/2020/08/default-user-image.png','9 Harper Avenue',1192),(119,2020119,80351,'63735744','Nevil Nikola','Bothram Brill','nbrillm0@microsoft.com','387-338-412','https://librenoticias.com/wp-content/uploads/2020/08/default-user-image.png','874 Caliangt Crossing',183),(120,2020120,13925,'14580325','Suzanne Kynthia','Bouette Quarlis','kquarlish9@bloglovin.com','143-860-266','https://librenoticias.com/wp-content/uploads/2020/08/default-user-image.png','89 Granby Avenue',716),(121,2020121,15320,'86632991','Valdemar Reamonn','Bough Folker','rfolker18@reuters.com','114-453-193','https://librenoticias.com/wp-content/uploads/2020/08/default-user-image.png','8732 Blackbird Point',1444),(122,2020122,86371,'32158507','Emlyn Christye','Boyes Warcup','cwarcuplq@mapquest.com','742-594-775','https://librenoticias.com/wp-content/uploads/2020/08/default-user-image.png','4272 Havey Junction',884),(123,2020123,27237,'82801815','Phip Sly','Bramall Lainge','slaingeek@nhs.uk','113-792-105','https://librenoticias.com/wp-content/uploads/2020/08/default-user-image.png','122 Autumn Leaf Court',182),(124,2020124,3568,'35969150','Gretchen Celinda','Bramhill Haye','chayefp@buzzfeed.com','552-816-333','https://librenoticias.com/wp-content/uploads/2020/08/default-user-image.png','04328 Crowley Road',973),(125,2020125,86359,'54752739','Alvin Ellerey','Bramwich Dunton','eduntone9@bigcartel.com','721-211-834','https://librenoticias.com/wp-content/uploads/2020/08/default-user-image.png','383 Jackson Crossing',1029),(126,2020126,79176,'70728770','Vilhelmina Ulrica','Braund Ixer','uixer80@1688.com','953-195-156','https://librenoticias.com/wp-content/uploads/2020/08/default-user-image.png','3107 Grasskamp Parkway',1377),(127,2020127,43573,'36602410','Petronella Gilligan','Braunton Vizor','gvizor8u@sphinn.com','530-724-314','https://librenoticias.com/wp-content/uploads/2020/08/default-user-image.png','5693 Merry Center',671),(128,2020128,54318,'75817825','Alidia Kristine','Braunton Raye','krayeik@printfriendly.com','437-748-987','https://librenoticias.com/wp-content/uploads/2020/08/default-user-image.png','1 4th Center',1187),(129,2020129,90559,'37944006','Clarinda Iona','Bredee Stuttard','istuttardfk@sina.com.cn','874-855-109','https://librenoticias.com/wp-content/uploads/2020/08/default-user-image.png','34 Graceland Avenue',1465),(130,2020130,85187,'75312632','Norman Dewie','Breen Djekovic','ddjekovic22@mashable.com','568-491-276','https://librenoticias.com/wp-content/uploads/2020/08/default-user-image.png','030 Main Circle',1333),(131,2020131,24927,'90698921','Marjorie Brynne','Brendeke Lambdin','blambdin79@cocolog-nifty.com','587-259-294','https://librenoticias.com/wp-content/uploads/2020/08/default-user-image.png','30 Rigney Court',1395),(132,2020132,8079,'19008894','Cori Stirling','Bridat Cuming','scumingp7@blogspot.com','901-714-767','https://librenoticias.com/wp-content/uploads/2020/08/default-user-image.png','83 Florence Way',1027),(133,2020133,89195,'51963847','Katine Jacinda','Brimham Porson','jporsonnk@patch.com','412-794-267','https://librenoticias.com/wp-content/uploads/2020/08/default-user-image.png','18523 Vera Court',163),(134,2020134,24792,'42374418','Bobbye Stafani','Brinicombe Staggs','sstaggsmg@bloglines.com','661-668-292','https://librenoticias.com/wp-content/uploads/2020/08/default-user-image.png','7579 Rowland Court',400),(135,2020135,24671,'13243800','Kim Hermine','Bristoe Danilevich','hdanileviche5@xrea.com','147-784-735','https://librenoticias.com/wp-content/uploads/2020/08/default-user-image.png','18 Elmside Drive',1064),(136,2020136,15447,'90502955','Delmor Erek','Bristoe Sparke','esparkek8@earthlink.net','438-200-686','https://librenoticias.com/wp-content/uploads/2020/08/default-user-image.png','6 Veith Way',1425),(137,2020137,73656,'20379870','Sasha Tomaso','Broadway Benedicto','tbenedictoae@phoca.cz','529-614-355','https://librenoticias.com/wp-content/uploads/2020/08/default-user-image.png','77187 Pearson Street',1191),(138,2020138,53790,'41912424','Willi Finn','Broadwood Accomb','faccomb4@google.co.uk','415-660-672','https://librenoticias.com/wp-content/uploads/2020/08/default-user-image.png','2 Mockingbird Crossing',820),(139,2020139,50039,'60675577','Dylan Whittaker','Brotherhed Jarred','wjarred1u@icq.com','853-738-362','https://librenoticias.com/wp-content/uploads/2020/08/default-user-image.png','85 Donald Point',569),(140,2020140,32337,'58635727','Dorie Thurston','Brusin Maymand','tmaymand7k@samsung.com','673-122-583','https://librenoticias.com/wp-content/uploads/2020/08/default-user-image.png','49 Lyons Road',1231),(141,2020141,73793,'61605775','Andie Derick','Bruun Siviour','dsiviourn4@foxnews.com','624-874-313','https://librenoticias.com/wp-content/uploads/2020/08/default-user-image.png','810 Arrowood Avenue',1136),(142,2020142,8743,'28591806','Netti Dacy','Bryant Margetts','dmargettse@rambler.ru','757-436-219','https://librenoticias.com/wp-content/uploads/2020/08/default-user-image.png','90707 Oxford Lane',1015),(143,2020143,60903,'58727474','Shandra Drusie','Budnik Tuttle','dtuttlejn@bloglines.com','574-616-637','https://librenoticias.com/wp-content/uploads/2020/08/default-user-image.png','24 Surrey Point',1003),(144,2020144,33002,'98790580','Seka Jennette','Bull Wadman','jwadmanqx@domainmarket.com','949-860-612','https://librenoticias.com/wp-content/uploads/2020/08/default-user-image.png','410 Charing Cross Road',1416),(145,2020145,6161,'39641736','Pace Hube','Bunch Grimditch','hgrimditchin@behance.net','379-131-419','https://librenoticias.com/wp-content/uploads/2020/08/default-user-image.png','60221 Farragut Avenue',616),(146,2020146,84880,'67620410','Fancie Sena','Burbidge Davall','sdavallc7@princeton.edu','285-760-760','https://librenoticias.com/wp-content/uploads/2020/08/default-user-image.png','0 4th Place',185),(147,2020147,40501,'15200618','Jory Carce','Burbudge Eykelbosch','ceykelboschby@etsy.com','798-902-971','https://librenoticias.com/wp-content/uploads/2020/08/default-user-image.png','2406 Columbus Hill',896),(148,2020148,38067,'60495524','Angelina Cori','Burkert Grinston','cgrinston1x@biglobe.ne.jp','869-368-695','https://librenoticias.com/wp-content/uploads/2020/08/default-user-image.png','26 Longview Lane',643),(149,2020149,34057,'62682845','Bartel My','Burkwood Haggis','mhaggisp5@apple.com','220-700-556','https://librenoticias.com/wp-content/uploads/2020/08/default-user-image.png','9 Anzinger Junction',1365),(150,2020150,66860,'65057028','Derby Morrie','Bygott Stogill','mstogilloc@ucoz.com','995-379-651','https://librenoticias.com/wp-content/uploads/2020/08/default-user-image.png','9 Dennis Center',1471),(151,2020151,53287,'47404090','Giuseppe Sanderson','Byrde Anstiss','sanstisslo@linkedin.com','578-400-991','https://librenoticias.com/wp-content/uploads/2020/08/default-user-image.png','86 Pennsylvania Parkway',90),(152,2020152,64728,'82382439','Ingmar Pip','Callaghan Carbett','pcarbettri@privacy.gov.au','410-242-437','https://librenoticias.com/wp-content/uploads/2020/08/default-user-image.png','2018 Bowman Way',470),(153,2020153,72320,'33541152','Regina Selena','Callington Baughan','sbaughanbr@kickstarter.com','776-712-622','https://librenoticias.com/wp-content/uploads/2020/08/default-user-image.png','5557 Kensington Trail',169),(154,2020154,51411,'59583623','Allis Wendy','Campaigne Goodchild','wgoodchildqo@nydailynews.com','933-617-110','https://librenoticias.com/wp-content/uploads/2020/08/default-user-image.png','02578 Logan Way',373),(155,2020155,54448,'48798532','Shepherd Markos','Cancott Poundsford','mpoundsfordc9@wikispaces.com','830-196-117','https://librenoticias.com/wp-content/uploads/2020/08/default-user-image.png','69596 Westerfield Hill',933),(156,2020156,4273,'86061518','Enrique Merle','Cant Rudinger','mrudingerfg@reuters.com','856-351-622','https://librenoticias.com/wp-content/uploads/2020/08/default-user-image.png','414 Sloan Way',326),(157,2020157,55942,'98792896','Melany Mandie','Cantillon Carbery','mcarberyje@phoca.cz','928-858-420','https://librenoticias.com/wp-content/uploads/2020/08/default-user-image.png','1913 Wayridge Drive',1219),(158,2020158,26598,'77229632','Burke Linoel','Card Wayman','lwaymanbj@printfriendly.com','559-649-636','https://librenoticias.com/wp-content/uploads/2020/08/default-user-image.png','65 Northland Point',455),(159,2020159,33808,'63048754','Denyse Chiarra','Careless Trembath','ctrembathid@tuttocitta.it','110-104-273','https://librenoticias.com/wp-content/uploads/2020/08/default-user-image.png','2569 Gulseth Alley',66),(160,2020160,53079,'77820107','Lia Tabbi','Carnoghan Cadge','tcadgel4@google.pl','651-498-911','https://librenoticias.com/wp-content/uploads/2020/08/default-user-image.png','0 Summerview Circle',673),(161,2020161,64782,'69661676','Prudi Fernande','Carragher Greenhouse','fgreenhousegb@comsenz.com','729-111-430','https://librenoticias.com/wp-content/uploads/2020/08/default-user-image.png','28 Jenna Terrace',199),(162,2020162,70759,'24582175','Travus Iain','Carslaw Saffer','isafferhu@ezinearticles.com','290-620-423','https://librenoticias.com/wp-content/uploads/2020/08/default-user-image.png','4 Darwin Road',916),(163,2020163,93672,'20291775','Johnny Meredeth','Castella Beekmann','mbeekmannjj@mail.ru','252-542-336','https://librenoticias.com/wp-content/uploads/2020/08/default-user-image.png','991 Butternut Way',101),(164,2020164,28101,'28979740','Louis Stephanus','Ceccoli Pountney','spountneyff@gravatar.com','637-553-924','https://librenoticias.com/wp-content/uploads/2020/08/default-user-image.png','291 Cody Hill',652),(165,2020165,77942,'19546940','Bernelle Cathrine','Ceschini Bocking','cbocking36@blogspot.com','982-828-598','https://librenoticias.com/wp-content/uploads/2020/08/default-user-image.png','0852 Mccormick Way',584),(166,2020166,32540,'94954883','Arlan Riobard','Chaloner Blay','rblayg4@trellian.com','638-277-671','https://librenoticias.com/wp-content/uploads/2020/08/default-user-image.png','36 Donald Junction',1048),(167,2020167,88424,'35271689','Harli Ronna','Charlot MacKimm','rmackimmdy@constantcontact.com','376-100-901','https://librenoticias.com/wp-content/uploads/2020/08/default-user-image.png','37488 Sunnyside Pass',109),(168,2020168,73109,'44268723','Georgi Horatius','Chesnay O\'Hanlon','hohanlon8h@foxnews.com','499-646-209','https://librenoticias.com/wp-content/uploads/2020/08/default-user-image.png','3806 Johnson Point',552),(169,2020169,95576,'32139414','Vernice Colleen','Cheyenne Routham','croutham9u@ucoz.ru','402-921-687','https://librenoticias.com/wp-content/uploads/2020/08/default-user-image.png','4 Fisk Center',353),(170,2020170,54267,'81534502','Alvan Gaven','Chidler Dunley','gdunleyko@google.pl','316-874-412','https://librenoticias.com/wp-content/uploads/2020/08/default-user-image.png','52521 Bay Parkway',358),(171,2020171,98966,'82431820','Susie Jocelyne','Chidzoy Newband','jnewband2y@privacy.gov.au','334-907-734','https://librenoticias.com/wp-content/uploads/2020/08/default-user-image.png','193 Burning Wood Junction',110),(172,2020172,98217,'78061497','Winonah Agretha','Cirlos Bark','abarkmt@phoca.cz','287-478-432','https://librenoticias.com/wp-content/uploads/2020/08/default-user-image.png','9321 Declaration Place',1304),(173,2020173,52593,'51750444','Cordie Irv','Clacson Prattington','iprattington5c@japanpost.jp','468-798-468','https://librenoticias.com/wp-content/uploads/2020/08/default-user-image.png','15475 Hauk Court',431),(174,2020174,68120,'70137574','Cly Merv','Clemits Hansberry','mhansberry33@slideshare.net','127-944-410','https://librenoticias.com/wp-content/uploads/2020/08/default-user-image.png','44912 Monterey Terrace',543),(175,2020175,11426,'53012571','Guinevere Celestine','Clouter Doghartie','cdoghartie93@indiegogo.com','714-893-988','https://librenoticias.com/wp-content/uploads/2020/08/default-user-image.png','9065 Nova Street',1057),(176,2020176,80142,'62087841','Fairlie Shaine','Cockshot Shimmings','sshimmingsfc@bizjournals.com','231-779-570','https://librenoticias.com/wp-content/uploads/2020/08/default-user-image.png','3536 Kropf Crossing',1371),(177,2020177,38853,'18183499','Alejandrina Celina','Coggin Torricella','ctorricellan6@google.cn','804-268-397','https://librenoticias.com/wp-content/uploads/2020/08/default-user-image.png','81958 Mandrake Park',1453),(178,2020178,67541,'26394339','Delphinia Midge','Colbrun Baynon','mbaynonn0@google.com.br','969-421-379','https://librenoticias.com/wp-content/uploads/2020/08/default-user-image.png','60 Fisk Alley',346),(179,2020179,40170,'30148296','Carolann Kaylil','Colgan Flawn','kflawn2a@china.com.cn','259-619-918','https://librenoticias.com/wp-content/uploads/2020/08/default-user-image.png','4198 Parkside Alley',717),(180,2020180,74596,'47885777','Joelie Gabey','Collecott Popland','gpoplandbi@photobucket.com','608-935-503','https://librenoticias.com/wp-content/uploads/2020/08/default-user-image.png','1934 Farmco Alley',825),(181,2020181,53661,'58943531','Wendall Park','Colleran Walisiak','pwalisiak99@google.pl','403-500-337','https://librenoticias.com/wp-content/uploads/2020/08/default-user-image.png','16669 Mockingbird Pass',230),(182,2020182,29012,'47471160','Marylynne Portia','Colwell De Maria','pdemariaq0@theguardian.com','637-976-509','https://librenoticias.com/wp-content/uploads/2020/08/default-user-image.png','28 Kingsford Hill',386),(183,2020183,7510,'57708943','Theo Rubi','Comberbach Torel','rtorel40@github.com','850-206-324','https://librenoticias.com/wp-content/uploads/2020/08/default-user-image.png','4061 Dryden Crossing',559),(184,2020184,85104,'56638016','Abbe Titus','Comberbeach Qualtro','tqualtro8l@360.cn','125-711-443','https://librenoticias.com/wp-content/uploads/2020/08/default-user-image.png','51 Weeping Birch Alley',449),(185,2020185,56463,'46681460','Darcie Florence','Commin Myring','fmyringca@china.com.cn','879-232-611','https://librenoticias.com/wp-content/uploads/2020/08/default-user-image.png','2759 Bobwhite Place',802),(186,2020186,18276,'76852190','Valera Latrena','Conant O Mullen','lomullengh@godaddy.com','151-432-977','https://librenoticias.com/wp-content/uploads/2020/08/default-user-image.png','316 Johnson Alley',578),(187,2020187,42925,'68917134','Carry Pavla','Condon Archdeacon','parchdeaconb7@ucoz.ru','273-690-994','https://librenoticias.com/wp-content/uploads/2020/08/default-user-image.png','56 Arkansas Court',432),(188,2020188,38109,'64258881','Mae Carmella','Connors McKew','cmckewh4@usa.gov','670-167-419','https://librenoticias.com/wp-content/uploads/2020/08/default-user-image.png','744 American Parkway',1358),(189,2020189,89634,'56019773','Jourdan Chelsae','Coopland Eldershaw','celdershawhy@ask.com','583-781-681','https://librenoticias.com/wp-content/uploads/2020/08/default-user-image.png','8 Kipling Hill',904),(190,2020190,75555,'82408332','Jobye Elladine','Cordet Siene','esienek1@tamu.edu','796-769-689','https://librenoticias.com/wp-content/uploads/2020/08/default-user-image.png','2408 Homewood Center',341),(191,2020191,99403,'86790505','Monty Addison','Corkell de Mullett','ademulletta5@pen.io','932-493-765','https://librenoticias.com/wp-content/uploads/2020/08/default-user-image.png','60 Del Mar Lane',690),(192,2020192,96385,'33979652','Erin Hillie','Corkhill Scarf','hscarfrl@prnewswire.com','208-883-201','https://librenoticias.com/wp-content/uploads/2020/08/default-user-image.png','03246 Lindbergh Road',40),(193,2020193,39511,'38825365','Anjela Cindie','Cornau O\'Hallihane','cohallihaneha@telegraph.co.uk','119-806-184','https://librenoticias.com/wp-content/uploads/2020/08/default-user-image.png','36 Anniversary Road',438),(194,2020194,8736,'47452325','Rhys Kerwinn','Cornelisse Casetta','kcasettaaa@desdev.cn','817-736-753','https://librenoticias.com/wp-content/uploads/2020/08/default-user-image.png','7 Anzinger Pass',501),(195,2020195,11833,'18144740','Alic Giacopo','Corrigan Adamolli','gadamolli88@smh.com.au','363-790-852','https://librenoticias.com/wp-content/uploads/2020/08/default-user-image.png','979 Northridge Way',1113),(196,2020196,58038,'97655222','Billy Stillmann','Cortin Carling','scarlinghe@java.com','774-582-549','https://librenoticias.com/wp-content/uploads/2020/08/default-user-image.png','39408 Division Crossing',56),(197,2020197,26227,'83862891','Charin Donni','Cosgry Blaase','dblaasej2@edublogs.org','593-582-255','https://librenoticias.com/wp-content/uploads/2020/08/default-user-image.png','1 Lerdahl Avenue',912),(198,2020198,15971,'56497997','Dannie Jasen','Costa Dudenie','jdudenieqn@xinhuanet.com','140-135-532','https://librenoticias.com/wp-content/uploads/2020/08/default-user-image.png','2638 Shopko Park',1239),(199,2020199,12539,'38097309','Anne-marie Flss','Costellow Murley','fmurleydt@washington.edu','676-101-291','https://librenoticias.com/wp-content/uploads/2020/08/default-user-image.png','249 Loeprich Court',464),(200,2020200,34925,'67253426','Lennie Hale','Cotgrove Mattis','hmattis3u@biglobe.ne.jp','810-373-392','https://librenoticias.com/wp-content/uploads/2020/08/default-user-image.png','41 Florence Pass',549),(201,2020201,31799,'26005402','Jone Ari','Count Krebs','akrebs7n@tamu.edu','957-986-673','https://librenoticias.com/wp-content/uploads/2020/08/default-user-image.png','0 Golf Course Hill',271),(202,2020202,88241,'25312901','Frederico Gal','Couthard Leadbeater','gleadbeaterkn@europa.eu','914-137-577','https://librenoticias.com/wp-content/uploads/2020/08/default-user-image.png','727 Moose Drive',414),(203,2020203,85531,'70623970','Eddi Evonne','covino Metrick','emetrick7f@harvard.edu','558-270-417','https://librenoticias.com/wp-content/uploads/2020/08/default-user-image.png','0 Ryan Plaza',1308),(204,2020204,42949,'42005646','Son Batholomew','Cowap Ricardou','bricardouox@digg.com','153-915-374','https://librenoticias.com/wp-content/uploads/2020/08/default-user-image.png','45 Westridge Place',414),(205,2020205,4070,'51029372','Agata Ali','Cowins Grime','agrimegm@amazonaws.com','511-511-314','https://librenoticias.com/wp-content/uploads/2020/08/default-user-image.png','98678 Comanche Plaza',998),(206,2020206,52859,'29146990','Isidore Gregoor','Crady Shovelbottom','gshovelbottom4a@fda.gov','602-244-896','https://librenoticias.com/wp-content/uploads/2020/08/default-user-image.png','343 Sauthoff Plaza',250),(207,2020207,92871,'32328567','Correna Xenia','Craigmyle Van der Kruys','xvanderkruys3x@cnet.com','722-177-312','https://librenoticias.com/wp-content/uploads/2020/08/default-user-image.png','9 Ryan Parkway',104),(208,2020208,93843,'44482113','Mischa Padget','Craxford Trudgeon','ptrudgeonaj@51.la','748-392-861','https://librenoticias.com/wp-content/uploads/2020/08/default-user-image.png','1020 Elka Plaza',968),(209,2020209,89052,'48384297','Rubina Sisile','Crocumbe Keer','skeermd@youtu.be','414-460-890','https://librenoticias.com/wp-content/uploads/2020/08/default-user-image.png','3158 Schmedeman Hill',222),(210,2020210,63695,'70239800','Johnath Isabel','Cronin Bricksey','ibrickseyka@exblog.jp','266-143-716','https://librenoticias.com/wp-content/uploads/2020/08/default-user-image.png','31 Farragut Pass',145),(211,2020211,49935,'21532113','Bernadette Tedra','Crowley Birtley','tbirtleyhn@mapquest.com','605-652-399','https://librenoticias.com/wp-content/uploads/2020/08/default-user-image.png','51433 Service Circle',419),(212,2020212,52684,'67402360','Elvera Cynthea','Crowson Corbin','ccorbin1s@godaddy.com','663-631-747','https://librenoticias.com/wp-content/uploads/2020/08/default-user-image.png','77449 Hoepker Point',168),(213,2020213,26627,'55238256','Melisent Frank','Cruden Riceards','friceardsmi@china.com.cn','981-821-753','https://librenoticias.com/wp-content/uploads/2020/08/default-user-image.png','7 Jenna Plaza',336),(214,2020214,77051,'38035147','Rhetta Crystal','Cruxton Dmisek','cdmisekj1@bbb.org','388-838-594','https://librenoticias.com/wp-content/uploads/2020/08/default-user-image.png','37 1st Park',321),(215,2020215,24772,'59281897','Vincent Siffre','Cryer Gergolet','sgergoletgw@liveinternet.ru','254-871-930','https://librenoticias.com/wp-content/uploads/2020/08/default-user-image.png','69 Mosinee Lane',729),(216,2020216,60216,'81662374','Joell Cathie','Cubuzzi McPeck','cmcpeckgt@cisco.com','655-756-238','https://librenoticias.com/wp-content/uploads/2020/08/default-user-image.png','0759 Packers Park',1417),(217,2020217,25961,'71505286','Binni Nesta','Cuckson Blankman','nblankmanac@addthis.com','796-154-414','https://librenoticias.com/wp-content/uploads/2020/08/default-user-image.png','42154 Rigney Alley',717),(218,2020218,42314,'37834530','Charlton Byrle','Cuer Goare','bgoareni@shinystat.com','502-257-924','https://librenoticias.com/wp-content/uploads/2020/08/default-user-image.png','82030 John Wall Point',1460),(219,2020219,37557,'79468133','Dina Adora','Cuschieri Wogden','awogdenio@plala.or.jp','507-170-162','https://librenoticias.com/wp-content/uploads/2020/08/default-user-image.png','689 Express Terrace',805),(220,2020220,33125,'21796564','Nicolas Kennett','Cutchie Lassells','klassellseh@yelp.com','496-421-170','https://librenoticias.com/wp-content/uploads/2020/08/default-user-image.png','45292 Upham Lane',678),(221,2020221,47610,'32384477','Melisse Beatrice','Czajkowska Fagence','bfagencef1@omniture.com','282-714-417','https://librenoticias.com/wp-content/uploads/2020/08/default-user-image.png','84077 Coleman Place',1460),(222,2020222,34441,'95924317','Keary Isidro','D\' Angelo Beiderbeck','ibeiderbeckal@unblog.fr','289-567-801','https://librenoticias.com/wp-content/uploads/2020/08/default-user-image.png','78 Spohn Point',860),(223,2020223,86190,'19748995','Elle Jolee','Dabernott Arrington','jarringtonfr@blogspot.com','364-899-208','https://librenoticias.com/wp-content/uploads/2020/08/default-user-image.png','6 Ridgeview Pass',1282),(224,2020224,73742,'71829446','Phebe Rena','Dablin Berkeley','rberkeleymf@reddit.com','714-794-788','https://librenoticias.com/wp-content/uploads/2020/08/default-user-image.png','7708 Delaware Circle',800),(225,2020225,23771,'55121863','Angelico Yurik','Dalziel Bentame','ybentameg6@google.com','830-171-431','https://librenoticias.com/wp-content/uploads/2020/08/default-user-image.png','57416 Elgar Court',692),(226,2020226,70587,'55809799','Tristam Alaric','Damiral Clausson','aclaussongl@icio.us','450-486-981','https://librenoticias.com/wp-content/uploads/2020/08/default-user-image.png','76580 Stuart Terrace',899),(227,2020227,25311,'24548817','Betteanne Celestia','Danford Danis','cdanisgv@imgur.com','885-468-496','https://librenoticias.com/wp-content/uploads/2020/08/default-user-image.png','3 Southridge Circle',1052),(228,2020228,66526,'55020227','Rosemonde Missie','Danher Schubert','mschubertct@vkontakte.ru','271-803-735','https://librenoticias.com/wp-content/uploads/2020/08/default-user-image.png','236 Sachs Park',593),(229,2020229,19077,'38570770','Lukas Tedie','Darkin Pyle','tpyle76@japanpost.jp','285-677-480','https://librenoticias.com/wp-content/uploads/2020/08/default-user-image.png','9 Hayes Plaza',1006),(230,2020230,47294,'21296330','Colby Rudy','Darville Allner','rallner7s@google.it','311-647-412','https://librenoticias.com/wp-content/uploads/2020/08/default-user-image.png','3 Spenser Street',1475),(231,2020231,2689,'34178471','Mack Stavro','Daubeny Stille','sstille2l@springer.com','525-433-191','https://librenoticias.com/wp-content/uploads/2020/08/default-user-image.png','29172 Express Park',811),(232,2020232,67458,'74118255','Kamillah Georgetta','Daughtry Gildersleaves','ggildersleaves8@oakley.com','903-364-634','https://librenoticias.com/wp-content/uploads/2020/08/default-user-image.png','555 Sunbrook Alley',299),(233,2020233,55628,'51640945','Ruprecht Cosmo','De Andisie Pariss','cpariss7z@alibaba.com','744-785-816','https://librenoticias.com/wp-content/uploads/2020/08/default-user-image.png','560 Meadow Vale Place',990),(234,2020234,7159,'25095017','Christie Alessandra','De Andreis Bolstridge','abolstridgemn@irs.gov','389-379-681','https://librenoticias.com/wp-content/uploads/2020/08/default-user-image.png','27 Oneill Plaza',971),(235,2020235,54026,'68438034','Selma Brina','De Cristofalo Troctor','btroctorde@gravatar.com','925-259-860','https://librenoticias.com/wp-content/uploads/2020/08/default-user-image.png','08458 Summerview Center',681),(236,2020236,55587,'40198204','Missy Veriee','De Fraine Dugan','vduganiq@umn.edu','519-394-565','https://librenoticias.com/wp-content/uploads/2020/08/default-user-image.png','50 Spohn Court',496),(237,2020237,54350,'84550241','Benjamen Brand','De Maria Lyburn','blyburnjt@flavors.me','168-164-828','https://librenoticias.com/wp-content/uploads/2020/08/default-user-image.png','9965 Tennyson Alley',886),(238,2020238,9884,'87656397','Lanita Kalila','De Metz Swannie','kswannieap@jiathis.com','636-601-214','https://librenoticias.com/wp-content/uploads/2020/08/default-user-image.png','25787 Stuart Center',961),(239,2020239,86197,'11915269','Patsy Keri','Dearlove Rauprich','krauprichoo@yahoo.co.jp','555-454-983','https://librenoticias.com/wp-content/uploads/2020/08/default-user-image.png','17 Gateway Center',1012),(240,2020240,64454,'80003565','Windy Roshelle','Deaville Meanwell','rmeanwellb1@123-reg.co.uk','115-607-722','https://librenoticias.com/wp-content/uploads/2020/08/default-user-image.png','852 Vahlen Way',1289),(241,2020241,23897,'60564546','Gilbert Alonso','Dederich Vesco','avesco3l@godaddy.com','956-223-979','https://librenoticias.com/wp-content/uploads/2020/08/default-user-image.png','7534 Valley Edge Pass',1217),(242,2020242,32539,'24722828','Viola Suzie','Deely Fildery','sfilderyjd@nbcnews.com','998-592-383','https://librenoticias.com/wp-content/uploads/2020/08/default-user-image.png','17641 Coolidge Center',389),(243,2020243,92935,'92313388','Guillaume Bucky','Deerness Gerren','bgerrenr0@skype.com','711-719-748','https://librenoticias.com/wp-content/uploads/2020/08/default-user-image.png','3463 Roth Park',1116),(244,2020244,41383,'77740999','Ula Bell','Deerr McCurtin','bmccurtinqg@theatlantic.com','114-373-545','https://librenoticias.com/wp-content/uploads/2020/08/default-user-image.png','71 Wayridge Trail',534),(245,2020245,63643,'87843115','Gibby Gustavus','Degoe Cochrane','gcochranea9@thetimes.co.uk','466-449-913','https://librenoticias.com/wp-content/uploads/2020/08/default-user-image.png','52 Transport Lane',138),(246,2020246,5427,'13272055','Iver Kleon','Dehmel Stephens','kstephensjk@elpais.com','827-714-789','https://librenoticias.com/wp-content/uploads/2020/08/default-user-image.png','84019 Swallow Way',45),(247,2020247,69283,'10029059','Davey Colet','deKnevet Bernt','cbernto@shop-pro.jp','979-937-568','https://librenoticias.com/wp-content/uploads/2020/08/default-user-image.png','04 Everett Center',520),(248,2020248,11371,'99593057','Costanza Shaine','Delyth Melson','smelson50@webs.com','685-250-862','https://librenoticias.com/wp-content/uploads/2020/08/default-user-image.png','8776 Hanover Center',994),(249,2020249,9304,'55311628','Ruy Keane','Denty Petrushka','kpetrushkaiw@google.com.au','187-445-378','https://librenoticias.com/wp-content/uploads/2020/08/default-user-image.png','611 South Circle',604),(250,2020250,41551,'58896358','Mickie Elmer','Dessaur Rapaport','erapaport8r@nba.com','546-656-510','https://librenoticias.com/wp-content/uploads/2020/08/default-user-image.png','99 Coolidge Place',997),(251,2020251,70308,'59683634','Roseline Sunny','Destouche Sunman','ssunmanq@unblog.fr','375-321-864','https://librenoticias.com/wp-content/uploads/2020/08/default-user-image.png','0293 Melrose Circle',1125),(252,2020252,50759,'15699638','Roxine Angelika','Dewhirst Handy','ahandyi2@arizona.edu','987-459-125','https://librenoticias.com/wp-content/uploads/2020/08/default-user-image.png','402 Bonner Court',1027),(253,2020253,84653,'61915907','Kessiah Beulah','Di Bartolommeo Sherwen','bsherwen4l@google.ru','519-744-352','https://librenoticias.com/wp-content/uploads/2020/08/default-user-image.png','3 Stuart Way',425),(254,2020254,81199,'68784887','Lissy Roxie','Di Franceshci Jasper','rjasperef@sbwire.com','522-563-928','https://librenoticias.com/wp-content/uploads/2020/08/default-user-image.png','603 Browning Parkway',1162),(255,2020255,99722,'74388857','Hill Carmine','Dibley Mapletoft','cmapletoftfl@stanford.edu','636-933-126','https://librenoticias.com/wp-content/uploads/2020/08/default-user-image.png','32 Kenwood Way',1249),(256,2020256,4205,'13167565','Maribel Muffin','Dickens MacAlaster','mmacalasterq7@theguardian.com','291-525-523','https://librenoticias.com/wp-content/uploads/2020/08/default-user-image.png','5057 Marquette Way',140),(257,2020257,86108,'38381045','Leshia Keeley','Didsbury Olle','kolledn@furl.net','248-547-347','https://librenoticias.com/wp-content/uploads/2020/08/default-user-image.png','7957 Superior Drive',165),(258,2020258,67398,'78293581','Wit Yurik','Diemer Higbin','yhigbin60@cam.ac.uk','108-832-239','https://librenoticias.com/wp-content/uploads/2020/08/default-user-image.png','5 Lyons Crossing',784),(259,2020259,14591,'98575220','Hastings Wald','Dionisetto Batters','wbattersa1@prweb.com','533-269-753','https://librenoticias.com/wp-content/uploads/2020/08/default-user-image.png','602 Bluejay Junction',1488),(260,2020260,91420,'47568528','Becca Marja','Domenico Alu','malu2t@csmonitor.com','981-328-844','https://librenoticias.com/wp-content/uploads/2020/08/default-user-image.png','96 Moulton Avenue',150),(261,2020261,75948,'95536089','Donny Atalanta','Dominichetti Somerbell','asomerbelln5@weebly.com','449-616-780','https://librenoticias.com/wp-content/uploads/2020/08/default-user-image.png','8276 Linden Place',27),(262,2020262,93005,'96849452','Farleigh Tully','Donwell Gilhool','tgilhool1z@weibo.com','161-339-743','https://librenoticias.com/wp-content/uploads/2020/08/default-user-image.png','050 Darwin Junction',421),(263,2020263,19858,'38593370','Weidar Sigismundo','Dooley Ferruzzi','sferruzzi4t@pagesperso-orange.fr','192-394-702','https://librenoticias.com/wp-content/uploads/2020/08/default-user-image.png','3044 Graceland Plaza',274),(264,2020264,55440,'88303124','Torin Cobb','Dowgill Hendrix','chendrixm9@wiley.com','884-185-228','https://librenoticias.com/wp-content/uploads/2020/08/default-user-image.png','299 Clarendon Avenue',460),(265,2020265,93974,'60262112','Bill Morganne','Dripp Yitzowitz','myitzowitz8p@technorati.com','553-669-628','https://librenoticias.com/wp-content/uploads/2020/08/default-user-image.png','074 Ludington Avenue',1070),(266,2020266,28518,'93714028','Chadd Wadsworth','Drogan Matthiae','wmatthiae5g@purevolume.com','814-553-519','https://librenoticias.com/wp-content/uploads/2020/08/default-user-image.png','83 Waxwing Junction',459),(267,2020267,10684,'23721066','Alfie Arlana','Dudding Gasperi','agasperipz@wikispaces.com','533-100-724','https://librenoticias.com/wp-content/uploads/2020/08/default-user-image.png','27765 Havey Street',431),(268,2020268,63615,'46592697','Karl Patton','Duester Van Halen','pvanhalenbe@businessinsider.com','905-241-105','https://librenoticias.com/wp-content/uploads/2020/08/default-user-image.png','65 Kennedy Drive',25),(269,2020269,34018,'26492815','Beaufort Patrizio','Dufall Gerrens','pgerrens73@nytimes.com','571-410-859','https://librenoticias.com/wp-content/uploads/2020/08/default-user-image.png','22 Dunning Trail',1162),(270,2020270,49759,'11643222','Berty Ervin','Duffin Cruft','ecrufti@yahoo.co.jp','440-711-805','https://librenoticias.com/wp-content/uploads/2020/08/default-user-image.png','545 Northview Circle',752),(271,2020271,27504,'87822068','Andy Merilyn','Duffrie Hadlow','mhadlow4o@bizjournals.com','795-314-169','https://librenoticias.com/wp-content/uploads/2020/08/default-user-image.png','8 Pawling Way',982),(272,2020272,65318,'84597486','Salome Joanna','Duham Vasile','jvasilefy@google.ru','415-152-507','https://librenoticias.com/wp-content/uploads/2020/08/default-user-image.png','699 Dayton Drive',594),(273,2020273,25448,'60071568','Derrick Irwinn','Dumbelton Grim','igrim2m@fema.gov','660-377-622','https://librenoticias.com/wp-content/uploads/2020/08/default-user-image.png','6377 Graceland Pass',973),(274,2020274,62191,'88014492','Micheal Jasen','Dumsday Paulat','jpaulat7q@sitemeter.com','482-287-796','https://librenoticias.com/wp-content/uploads/2020/08/default-user-image.png','3 Lillian Plaza',663),(275,2020275,34422,'36892340','Cordey Donnamarie','Dunbar Deely','ddeely5v@cbsnews.com','381-381-898','https://librenoticias.com/wp-content/uploads/2020/08/default-user-image.png','57 Eastwood Center',891),(276,2020276,92013,'56434441','Latia Nerty','Dunnion Cordon','ncordonpe@furl.net','273-787-567','https://librenoticias.com/wp-content/uploads/2020/08/default-user-image.png','23 Onsgard Road',201),(277,2020277,9649,'62133699','Garald Vergil','Dunstone Tilly','vtillyq4@auda.org.au','202-663-200','https://librenoticias.com/wp-content/uploads/2020/08/default-user-image.png','29 Kingsford Road',612),(278,2020278,60978,'75603921','Deanne Carolynn','Durbyn McCarthy','cmccarthy14@who.int','737-886-144','https://librenoticias.com/wp-content/uploads/2020/08/default-user-image.png','41684 Sachtjen Circle',565),(279,2020279,81526,'11867363','Sherwynd Gordy','Durbyn Tant','gtantr3@scribd.com','235-938-291','https://librenoticias.com/wp-content/uploads/2020/08/default-user-image.png','80 Tomscot Drive',715),(280,2020280,79351,'59381985','Levi Flinn','Durran Seamon','fseamon4n@geocities.jp','285-577-490','https://librenoticias.com/wp-content/uploads/2020/08/default-user-image.png','4497 Magdeline Center',1398),(281,2020281,95961,'53560202','Silvie Muriel','Dussy Heggs','mheggsno@twitter.com','489-445-751','https://librenoticias.com/wp-content/uploads/2020/08/default-user-image.png','4868 Vahlen Trail',8),(282,2020282,98371,'18926528','Titus Yvor','Dyers Rubinfeld','yrubinfeld1r@desdev.cn','181-166-865','https://librenoticias.com/wp-content/uploads/2020/08/default-user-image.png','39 Londonderry Crossing',529),(283,2020283,63603,'33237170','Guthrie Normand','Ebbers Westrey','nwestreyco@phpbb.com','293-651-720','https://librenoticias.com/wp-content/uploads/2020/08/default-user-image.png','679 Pleasure Road',1047),(284,2020284,88335,'41108588','Dermot Ebeneser','Ecclestone Fairbourne','efairbourneg3@cocolog-nifty.com','376-829-741','https://librenoticias.com/wp-content/uploads/2020/08/default-user-image.png','26 Maple Wood Terrace',1113),(285,2020285,7559,'50903133','Carling Dav','Edmund Kybbye','dkybbyelk@g.co','218-747-197','https://librenoticias.com/wp-content/uploads/2020/08/default-user-image.png','6426 Riverside Avenue',1382),(286,2020286,3499,'49451724','Ardene Mellie','Edwicker Bugg','mbugg5i@youtube.com','495-565-576','https://librenoticias.com/wp-content/uploads/2020/08/default-user-image.png','1 Shoshone Place',1285),(287,2020287,27178,'19382481','Allx Elonore','Eggers McMurraya','emcmurrayab2@google.es','542-906-114','https://librenoticias.com/wp-content/uploads/2020/08/default-user-image.png','94 Lakewood Road',18),(288,2020288,16392,'74600219','Lorenzo Ulysses','Eglington Sprouls','usprouls3r@slate.com','748-805-821','https://librenoticias.com/wp-content/uploads/2020/08/default-user-image.png','442 Village Green Road',1015),(289,2020289,19718,'62510626','Obadias Wynn','Eicke Astill','wastillbh@alibaba.com','941-725-743','https://librenoticias.com/wp-content/uploads/2020/08/default-user-image.png','9 Michigan Avenue',114),(290,2020290,46489,'95368678','Patrice Bryanty','Eixenberger Rabbage','brabbagepv@hud.gov','590-274-258','https://librenoticias.com/wp-content/uploads/2020/08/default-user-image.png','37985 Schlimgen Point',95),(291,2020291,24294,'21131956','Swen Reid','Elgy Kubica','rkubicarr@angelfire.com','535-530-410','https://librenoticias.com/wp-content/uploads/2020/08/default-user-image.png','47843 Eliot Point',1208),(292,2020292,92299,'86470418','Land Wye','Ellington Sproat','wsproat5x@comcast.net','904-573-892','https://librenoticias.com/wp-content/uploads/2020/08/default-user-image.png','1 Paget Court',593),(293,2020293,13460,'53265308','Ximenez Nevil','Ellson Geerdts','ngeerdts9c@people.com.cn','862-404-203','https://librenoticias.com/wp-content/uploads/2020/08/default-user-image.png','732 Express Crossing',1177),(294,2020294,45996,'94911271','Papageno Boonie','Emblen Rothery','brothery7p@yelp.com','569-766-226','https://librenoticias.com/wp-content/uploads/2020/08/default-user-image.png','6404 North Trail',746),(295,2020295,72484,'14798807','Dorie Antin','Empson Nafzger','anafzgerdw@jimdo.com','682-120-725','https://librenoticias.com/wp-content/uploads/2020/08/default-user-image.png','8321 Ryan Way',419),(296,2020296,34725,'76497782','Jaclin Auroora','Emptage Storton','astortonnc@hexun.com','743-720-825','https://librenoticias.com/wp-content/uploads/2020/08/default-user-image.png','29637 Hudson Pass',1253),(297,2020297,25701,'41185459','Dunc Giovanni','Endicott Duff','gduffr5@answers.com','622-762-397','https://librenoticias.com/wp-content/uploads/2020/08/default-user-image.png','85 Clove Place',249),(298,2020298,10837,'11116027','Onfroi Antoni','Erie Lavell','alavelljf@topsy.com','694-402-724','https://librenoticias.com/wp-content/uploads/2020/08/default-user-image.png','2627 Derek Street',1215),(299,2020299,18355,'95352847','Carlyle Merv','Esmonde Barkhouse','mbarkhouseiv@ifeng.com','863-538-568','https://librenoticias.com/wp-content/uploads/2020/08/default-user-image.png','1 Hollow Ridge Place',847),(300,2020300,30269,'56148905','Lyell Maximilian','Essery Lovitt','mlovitt20@e-recht24.de','574-549-780','https://librenoticias.com/wp-content/uploads/2020/08/default-user-image.png','0209 Lindbergh Park',793),(301,2020301,62316,'72918440','Clyve Neale','Etchingham Beviss','nbevissrf@4shared.com','268-323-591','https://librenoticias.com/wp-content/uploads/2020/08/default-user-image.png','77 Delladonna Junction',884),(302,2020302,61894,'64743231','Vanessa Margarita','Etherson Curro','mcurro7g@auda.org.au','735-376-212','https://librenoticias.com/wp-content/uploads/2020/08/default-user-image.png','33383 Iowa Way',811),(303,2020303,82796,'29697388','Willamina Simonne','Evennett Housecroft','shousecroftar@twitpic.com','657-877-230','https://librenoticias.com/wp-content/uploads/2020/08/default-user-image.png','2 Green Ridge Point',257),(304,2020304,9358,'70295312','Marcelo Aldous','Eversfield Ilewicz','ailewicz3s@amazon.co.uk','542-667-718','https://librenoticias.com/wp-content/uploads/2020/08/default-user-image.png','8 Laurel Terrace',1076),(305,2020305,44526,'92940140','Enrica Mela','Evitt Tabbernor','mtabbernorp9@flavors.me','801-100-595','https://librenoticias.com/wp-content/uploads/2020/08/default-user-image.png','9501 Pond Lane',693),(306,2020306,94754,'47549507','Abrahan Rollie','Faloon Krolak','rkrolaka0@gov.uk','898-820-297','https://librenoticias.com/wp-content/uploads/2020/08/default-user-image.png','94191 Dayton Point',883),(307,2020307,77529,'52180423','Alric Gard','Fanshaw Vallery','gvallery7w@w3.org','302-446-279','https://librenoticias.com/wp-content/uploads/2020/08/default-user-image.png','6 Ilene Point',642),(308,2020308,28325,'83422189','Warren Rustin','Fasset Bethell','rbethelljo@purevolume.com','659-718-585','https://librenoticias.com/wp-content/uploads/2020/08/default-user-image.png','88964 Armistice Road',1030),(309,2020309,53524,'48583144','Alene Joey','Faulds McCreedy','jmccreedy3c@auda.org.au','830-675-841','https://librenoticias.com/wp-content/uploads/2020/08/default-user-image.png','7 Stang Court',261),(310,2020310,29507,'22585138','Nickolas Fabe','Fayer Brookton','fbrookton6s@hud.gov','946-944-557','https://librenoticias.com/wp-content/uploads/2020/08/default-user-image.png','08 Scoville Drive',676),(311,2020311,97133,'51700772','Findley Filmore','Fenty Avrahamov','favrahamovkc@google.it','299-530-229','https://librenoticias.com/wp-content/uploads/2020/08/default-user-image.png','11345 Park Meadow Court',346),(312,2020312,24212,'88616313','Caspar Claiborne','Fermor Yon','cyonea@dion.ne.jp','799-283-172','https://librenoticias.com/wp-content/uploads/2020/08/default-user-image.png','1 Hooker Alley',13),(313,2020313,77690,'26369340','Philippa Cosetta','Ferrarini Preston','cpreston9r@ebay.com','468-180-685','https://librenoticias.com/wp-content/uploads/2020/08/default-user-image.png','06 Sycamore Plaza',1184),(314,2020314,37990,'14453165','Martin Timofei','Fettiplace Backler','tbackler7a@spiegel.de','810-172-183','https://librenoticias.com/wp-content/uploads/2020/08/default-user-image.png','4053 Armistice Parkway',128),(315,2020315,39569,'22029975','Boot Olag','Fiddler Rippingale','orippingalecn@youtu.be','501-623-296','https://librenoticias.com/wp-content/uploads/2020/08/default-user-image.png','0062 Village Green Terrace',237),(316,2020316,8084,'25578506','Fredric Leroi','Fielder Littlefield','llittlefield13@microsoft.com','906-627-658','https://librenoticias.com/wp-content/uploads/2020/08/default-user-image.png','05355 Green Drive',939),(317,2020317,25425,'84061171','Cello Evin','Filippyev Tooby','etoobyb5@whitehouse.gov','234-450-822','https://librenoticias.com/wp-content/uploads/2020/08/default-user-image.png','96 Shasta Street',1120),(318,2020318,81006,'24313257','Rubina Joellen','Finlay Rizzolo','jrizzolo7u@noaa.gov','527-731-550','https://librenoticias.com/wp-content/uploads/2020/08/default-user-image.png','1 Bay Point',211),(319,2020319,30457,'62380773','Jackquelin Moira','Fisk Skiplorne','mskiplorne4z@hatena.ne.jp','452-640-158','https://librenoticias.com/wp-content/uploads/2020/08/default-user-image.png','52 Carberry Pass',1135),(320,2020320,42713,'91225932','Dominick Tucky','FitzGeorge Weiner','tweinern8@cyberchimps.com','712-210-241','https://librenoticias.com/wp-content/uploads/2020/08/default-user-image.png','93 Tomscot Crossing',38),(321,2020321,90191,'65035251','Levi Fidelio','FitzGibbon Le Prevost','fleprevost4m@over-blog.com','483-616-709','https://librenoticias.com/wp-content/uploads/2020/08/default-user-image.png','2111 Lakeland Pass',342),(322,2020322,86328,'24005634','Danila Marline','Fladgate Grinval','mgrinvalmm@oakley.com','817-111-145','https://librenoticias.com/wp-content/uploads/2020/08/default-user-image.png','83 Graedel Road',995),(323,2020323,59302,'93866832','Matti Malissa','Flay Bulteel','mbulteelf2@twitter.com','192-117-782','https://librenoticias.com/wp-content/uploads/2020/08/default-user-image.png','11 Mariners Cove Terrace',1299),(324,2020324,6870,'95489142','Salvidor Gerek','Flintoft Jenks','gjenksle@newyorker.com','124-813-317','https://librenoticias.com/wp-content/uploads/2020/08/default-user-image.png','5 Clarendon Lane',16),(325,2020325,45909,'26569512','Liliane Annabela','Flintuff Heinlein','aheinlein6c@discovery.com','667-140-210','https://librenoticias.com/wp-content/uploads/2020/08/default-user-image.png','60198 Florence Trail',300),(326,2020326,23682,'81419986','Isaak Dolf','Foat Bowld','dbowldbf@skype.com','705-145-441','https://librenoticias.com/wp-content/uploads/2020/08/default-user-image.png','4 Hollow Ridge Junction',688),(327,2020327,54193,'51187522','Rhett Chick','Follett Verson','cversongy@fda.gov','122-227-922','https://librenoticias.com/wp-content/uploads/2020/08/default-user-image.png','653 Vermont Way',1424),(328,2020328,41719,'43030515','Darryl Cirilo','Fooks Davley','cdavleybg@topsy.com','341-822-734','https://librenoticias.com/wp-content/uploads/2020/08/default-user-image.png','62 Mosinee Circle',1245),(329,2020329,73908,'55796857','Jacqueline Malva','Footer Siddens','msiddens41@dell.com','770-887-551','https://librenoticias.com/wp-content/uploads/2020/08/default-user-image.png','258 Toban Plaza',1499),(330,2020330,88623,'41017884','Rafael Clarance','Forker Dumberrill','cdumberrilld1@ifeng.com','476-709-606','https://librenoticias.com/wp-content/uploads/2020/08/default-user-image.png','38088 Carey Lane',507),(331,2020331,33079,'98385062','Sloan Xymenes','Fowell Hinkensen','xhinkensend2@mapy.cz','223-958-406','https://librenoticias.com/wp-content/uploads/2020/08/default-user-image.png','4 Ruskin Avenue',1356),(332,2020332,57223,'15740967','Mel Sheeree','Franke Tryhorn','stryhorn7d@hexun.com','401-828-436','https://librenoticias.com/wp-content/uploads/2020/08/default-user-image.png','770 Spenser Place',1043),(333,2020333,63229,'34206611','Abelard Dewitt','Freckingham Sheach','dsheach3n@hao123.com','694-474-101','https://librenoticias.com/wp-content/uploads/2020/08/default-user-image.png','9 Sommers Court',332),(334,2020334,96840,'81028326','Kitty Veronika','Freezor Fulks','vfulks3m@youtu.be','124-211-882','https://librenoticias.com/wp-content/uploads/2020/08/default-user-image.png','948 Upham Road',121),(335,2020335,60303,'22202792','Elbertina Audre','Friday Brimley','abrimleyeg@reddit.com','947-427-141','https://librenoticias.com/wp-content/uploads/2020/08/default-user-image.png','23 Montana Terrace',545),(336,2020336,92974,'78251985','Mendie Baron','Frounks Readwing','breadwing2@studiopress.com','979-262-735','https://librenoticias.com/wp-content/uploads/2020/08/default-user-image.png','56 Jenifer Terrace',481),(337,2020337,74469,'94176720','Anderea Tilly','Fryman Midford','tmidfordr@mapy.cz','233-561-138','https://librenoticias.com/wp-content/uploads/2020/08/default-user-image.png','5 Maple Park',637),(338,2020338,61276,'35520701','Juliana Sharity','Gadd McNab','smcnabg1@alibaba.com','441-616-203','https://librenoticias.com/wp-content/uploads/2020/08/default-user-image.png','4838 Melvin Way',947),(339,2020339,46821,'65241117','Bord Thaxter','Gadsden Durnall','tdurnall49@stanford.edu','322-960-994','https://librenoticias.com/wp-content/uploads/2020/08/default-user-image.png','75431 Trailsway Circle',994),(340,2020340,82700,'32346050','Bessie Thea','Gallienne Blunsen','tblunsenqu@who.int','834-154-148','https://librenoticias.com/wp-content/uploads/2020/08/default-user-image.png','2791 Clove Road',178),(341,2020341,90727,'16456416','Steven Rossie','Gallop Howsden','rhowsden71@tmall.com','521-938-422','https://librenoticias.com/wp-content/uploads/2020/08/default-user-image.png','8068 Kings Way',1102),(342,2020342,87390,'39874679','Isidore Parke','Gamage Nardoni','pnardonibb@cdc.gov','471-706-494','https://librenoticias.com/wp-content/uploads/2020/08/default-user-image.png','7 Harper Center',935),(343,2020343,86197,'37065405','Shelbi Ethelyn','Gammie Petrushkevich','epetrushkevichmu@sitemeter.com','360-927-414','https://librenoticias.com/wp-content/uploads/2020/08/default-user-image.png','74 Saint Paul Street',515),(344,2020344,62133,'90697540','Blisse Elyn','Garbett Busst','ebusstjg@facebook.com','634-356-537','https://librenoticias.com/wp-content/uploads/2020/08/default-user-image.png','22 Sommers Way',122),(345,2020345,52970,'21065476','Curcio Daron','Garoghan Guinery','dguinery2j@cargocollective.com','970-288-174','https://librenoticias.com/wp-content/uploads/2020/08/default-user-image.png','25 Fulton Crossing',1054),(346,2020346,80960,'76715782','Elwood Boris','Garrelts Pimley','bpimleycp@dropbox.com','236-288-502','https://librenoticias.com/wp-content/uploads/2020/08/default-user-image.png','3646 Bunting Place',653),(347,2020347,48147,'67515120','Cynthie Nerte','Garry Thaine','nthaine5j@goodreads.com','589-512-768','https://librenoticias.com/wp-content/uploads/2020/08/default-user-image.png','766 Leroy Drive',1395),(348,2020348,25328,'38695000','Wittie Drew','Gascoine McKerlie','dmckerlie9k@hc360.com','901-921-191','https://librenoticias.com/wp-content/uploads/2020/08/default-user-image.png','497 Meadow Vale Crossing',1155),(349,2020349,30756,'24910379','Darrell Grange','Geal Garstan','ggarstanfx@zdnet.com','814-117-304','https://librenoticias.com/wp-content/uploads/2020/08/default-user-image.png','0586 Dixon Lane',747),(350,2020350,41789,'53324295','Rosemary Janette','Geer Axell','jaxellj8@nymag.com','315-835-738','https://librenoticias.com/wp-content/uploads/2020/08/default-user-image.png','76 Susan Terrace',176),(351,2020351,29687,'40384575','Judye Alexa','Gehrtz Crawcour','acrawcourq3@github.com','430-403-978','https://librenoticias.com/wp-content/uploads/2020/08/default-user-image.png','0 Becker Center',1214),(352,2020352,78315,'52982738','Jessey Prince','Geldart Matyatin','pmatyatin9h@simplemachines.org','958-216-953','https://librenoticias.com/wp-content/uploads/2020/08/default-user-image.png','56859 Parkside Place',416),(353,2020353,51299,'26463704','Tobe Melli','Gerlts Blackall','mblackall9q@unblog.fr','710-942-787','https://librenoticias.com/wp-content/uploads/2020/08/default-user-image.png','501 Sullivan Lane',88),(354,2020354,41421,'61576751','Angelia Chery','Gero Trusse','ctrusse6v@list-manage.com','176-499-825','https://librenoticias.com/wp-content/uploads/2020/08/default-user-image.png','69 Susan Avenue',466),(355,2020355,68791,'36081127','Livvyy Fannie','Getcliffe Bolingbroke','fbolingbroke2v@weebly.com','669-393-115','https://librenoticias.com/wp-content/uploads/2020/08/default-user-image.png','17 Westridge Court',220),(356,2020356,24089,'23031996','Arney Dimitry','Giacomello Linkleter','dlinkletera2@telegraph.co.uk','765-228-579','https://librenoticias.com/wp-content/uploads/2020/08/default-user-image.png','146 Monterey Parkway',18),(357,2020357,6804,'39437068','Lyell Berk','Giacomuzzo Millins','bmillins6k@google.co.jp','847-276-809','https://librenoticias.com/wp-content/uploads/2020/08/default-user-image.png','91 Comanche Road',1027),(358,2020358,48134,'39261054','Cleavland Demetre','Giacopini Georghiou','dgeorghiouim@e-recht24.de','817-113-190','https://librenoticias.com/wp-content/uploads/2020/08/default-user-image.png','69 Straubel Junction',1383),(359,2020359,34015,'81612888','Garner Timmie','Giercke Treneer','ttreneer12@mayoclinic.com','372-306-205','https://librenoticias.com/wp-content/uploads/2020/08/default-user-image.png','94977 High Crossing Drive',1169),(360,2020360,56598,'20848818','Jerad Hagen','Giffon Dawidman','hdawidman68@wikipedia.org','718-551-451','https://librenoticias.com/wp-content/uploads/2020/08/default-user-image.png','4487 Loomis Alley',928),(361,2020361,44690,'44033457','Toinette Sadye','Gilgryst Scammonden','sscammonden81@weather.com','172-981-996','https://librenoticias.com/wp-content/uploads/2020/08/default-user-image.png','70 Colorado Avenue',1454),(362,2020362,85130,'56350847','Taryn Georgiana','Gillions Brill','gbrilleq@drupal.org','113-539-893','https://librenoticias.com/wp-content/uploads/2020/08/default-user-image.png','73480 Waywood Trail',953),(363,2020363,94823,'75165541','Martainn Desmund','Giovannilli Dressel','ddresseli9@intel.com','205-818-217','https://librenoticias.com/wp-content/uploads/2020/08/default-user-image.png','859 Monica Center',1387),(364,2020364,37109,'60952998','Benjamen Euell','Giovannini Woodall','ewoodalloh@ihg.com','808-606-298','https://librenoticias.com/wp-content/uploads/2020/08/default-user-image.png','52138 Hansons Circle',647),(365,2020365,92378,'32191768','Ninon Morissa','Giovannoni Forestall','mforestallo4@reverbnation.com','109-714-884','https://librenoticias.com/wp-content/uploads/2020/08/default-user-image.png','46 Mifflin Alley',1073),(366,2020366,45440,'11493252','Marika Babb','Gittens Suttling','bsuttlingr2@wired.com','549-114-637','https://librenoticias.com/wp-content/uploads/2020/08/default-user-image.png','18962 Rockefeller Crossing',554),(367,2020367,9235,'75803804','Bendicty Sergio','Glanville Fernley','sfernley38@netvibes.com','985-666-455','https://librenoticias.com/wp-content/uploads/2020/08/default-user-image.png','7 Grayhawk Place',1416),(368,2020368,44387,'80785096','Connie Mariquilla','Glasby Jacquemot','mjacquemothd@quantcast.com','149-487-275','https://librenoticias.com/wp-content/uploads/2020/08/default-user-image.png','54 Evergreen Center',161),(369,2020369,53678,'54146398','Jodee Ninetta','Glaysher Attwood','nattwood1m@i2i.jp','295-151-143','https://librenoticias.com/wp-content/uploads/2020/08/default-user-image.png','824 Bonner Avenue',800),(370,2020370,69014,'35944957','Ragnar Humbert','Glencross Ruprechter','hruprechter9a@google.ca','570-564-223','https://librenoticias.com/wp-content/uploads/2020/08/default-user-image.png','3 Westport Avenue',989),(371,2020371,8802,'86719265','Querida Drona','Glyne Engledow','dengledow3f@wsj.com','143-287-409','https://librenoticias.com/wp-content/uploads/2020/08/default-user-image.png','0071 Pond Lane',611),(372,2020372,33445,'59130299','Rice Muhammad','Golden Blei','mblei2i@house.gov','972-590-716','https://librenoticias.com/wp-content/uploads/2020/08/default-user-image.png','1 Meadow Valley Terrace',552),(373,2020373,78415,'80878046','Fifine Flore','Golledge Benbrick','fbenbricke8@t.co','992-236-571','https://librenoticias.com/wp-content/uploads/2020/08/default-user-image.png','623 Linden Terrace',276),(374,2020374,54508,'23342342','Isidoro Randi','Gonin Kittoe','rkittoerp@reddit.com','200-924-383','https://librenoticias.com/wp-content/uploads/2020/08/default-user-image.png','867 Mifflin Court',573),(375,2020375,11366,'57036955','Prinz Morton','Goodboddy Tourry','mtourrypr@myspace.com','341-346-174','https://librenoticias.com/wp-content/uploads/2020/08/default-user-image.png','909 Pond Trail',980),(376,2020376,6971,'80791890','Langsdon Sayre','Goodding Henricsson','shenricsson6f@vinaora.com','609-780-124','https://librenoticias.com/wp-content/uploads/2020/08/default-user-image.png','74935 Nova Court',1210),(377,2020377,77852,'94125348','Gordy Costa','Goolding Benedicte','cbenedicteas@lulu.com','502-412-143','https://librenoticias.com/wp-content/uploads/2020/08/default-user-image.png','3 Delladonna Place',1347),(378,2020378,24692,'66670155','Northrop Redford','Gornal Yurocjhin','ryurocjhinpx@rediff.com','172-468-797','https://librenoticias.com/wp-content/uploads/2020/08/default-user-image.png','86 Vahlen Center',245),(379,2020379,60786,'40346231','Dill Gabriello','Gosenell Aspin','gaspin2f@weibo.com','563-587-621','https://librenoticias.com/wp-content/uploads/2020/08/default-user-image.png','2906 Fairfield Court',1500),(380,2020380,17016,'58632454','Rolfe Conrad','Gouley Frayling','cfrayling7m@vk.com','787-647-899','https://librenoticias.com/wp-content/uploads/2020/08/default-user-image.png','0294 Sunnyside Park',1147),(381,2020381,2930,'56783576','Randolf Lowell','Gounard Garroway','lgarroway3d@ehow.com','623-663-686','https://librenoticias.com/wp-content/uploads/2020/08/default-user-image.png','4 Lunder Way',279),(382,2020382,85760,'40264151','Cristobal Wyn','Gounet Van Geffen','wvangeffen6@g.co','299-451-228','https://librenoticias.com/wp-content/uploads/2020/08/default-user-image.png','0933 Lindbergh Junction',1151),(383,2020383,16670,'65330150','Marris Lynna','Gounin Halliburton','lhalliburtonhx@mtv.com','317-880-996','https://librenoticias.com/wp-content/uploads/2020/08/default-user-image.png','295 Logan Trail',687),(384,2020384,14384,'37819568','Wash Francklyn','Govett Greatreax','fgreatreax4v@wiley.com','934-690-798','https://librenoticias.com/wp-content/uploads/2020/08/default-user-image.png','1904 Surrey Street',47),(385,2020385,10795,'44345220','Erika Dusty','Gowers Dooley','ddooley6h@clickbank.net','295-769-900','https://librenoticias.com/wp-content/uploads/2020/08/default-user-image.png','38 American Ash Street',612),(386,2020386,26754,'44799856','Tasia Shandy','Grabert Poore','spooremk@stumbleupon.com','597-284-539','https://librenoticias.com/wp-content/uploads/2020/08/default-user-image.png','4 Susan Point',764),(387,2020387,16789,'95713639','Kristo Adams','Greatreax O\' Dooley','aodooley6z@plala.or.jp','893-640-530','https://librenoticias.com/wp-content/uploads/2020/08/default-user-image.png','9 Garrison Crossing',1234),(388,2020388,38930,'15394204','Creigh Wilburt','Greenier Van Hesteren','wvanhesterend7@reverbnation.com','558-328-786','https://librenoticias.com/wp-content/uploads/2020/08/default-user-image.png','1435 Cordelia Park',1499),(389,2020389,92586,'45252540','Zea Zonnya','Gregg Cater','zcaterpf@123-reg.co.uk','469-691-467','https://librenoticias.com/wp-content/uploads/2020/08/default-user-image.png','53939 Maple Wood Plaza',33),(390,2020390,35516,'60134318','Cindee Olive','Greggor Prentice','oprenticer6@privacy.gov.au','425-491-224','https://librenoticias.com/wp-content/uploads/2020/08/default-user-image.png','3714 Cordelia Terrace',1493),(391,2020391,63330,'46855467','Adrian Haleigh','Gregoli Hacquel','hhacquelhp@accuweather.com','226-264-162','https://librenoticias.com/wp-content/uploads/2020/08/default-user-image.png','41 Jenna Alley',1289),(392,2020392,52351,'13595935','Maximilianus Dudley','Grim Berthomier','dberthomier5t@nationalgeographic.com','939-248-862','https://librenoticias.com/wp-content/uploads/2020/08/default-user-image.png','345 Service Pass',729),(393,2020393,34980,'12546702','Adolf Andras','Griss Schoolfield','aschoolfielddv@delicious.com','215-225-112','https://librenoticias.com/wp-content/uploads/2020/08/default-user-image.png','50 La Follette Junction',1209),(394,2020394,42428,'28162630','Sydelle Candie','Groom Palin','cpalinc3@archive.org','323-769-199','https://librenoticias.com/wp-content/uploads/2020/08/default-user-image.png','0401 Becker Way',429),(395,2020395,80709,'68011186','Fawnia Tamarra','Grout O\'Carran','tocarrank0@phpbb.com','522-695-692','https://librenoticias.com/wp-content/uploads/2020/08/default-user-image.png','4389 Dovetail Crossing',449),(396,2020396,92341,'10155557','Rodolfo Rabbi','Gueinn Matt','rmatt8f@amazon.co.uk','745-588-759','https://librenoticias.com/wp-content/uploads/2020/08/default-user-image.png','02882 Thierer Point',1201),(397,2020397,25035,'69302914','Miguelita Roshelle','Guilaem Parsall','rparsalldx@icq.com','517-284-949','https://librenoticias.com/wp-content/uploads/2020/08/default-user-image.png','9 Anhalt Alley',310),(398,2020398,1978,'44959784','Timmi Josey','Guillart Cammocke','jcammockecy@reddit.com','383-841-616','https://librenoticias.com/wp-content/uploads/2020/08/default-user-image.png','66300 Boyd Crossing',639),(399,2020399,40867,'25726525','Nola Appolonia','Guiso Ormiston','aormiston35@g.co','786-719-394','https://librenoticias.com/wp-content/uploads/2020/08/default-user-image.png','04 Kennedy Street',890),(400,2020400,84881,'10745733','Jozef Michele','Guiu Delves','mdelvesjl@clickbank.net','629-216-437','https://librenoticias.com/wp-content/uploads/2020/08/default-user-image.png','111 Duke Center',498),(401,2020401,50948,'22574380','Davy Osbourne','Gurden Foulis','ofoulis6a@adobe.com','962-112-684','https://librenoticias.com/wp-content/uploads/2020/08/default-user-image.png','44 Westerfield Plaza',162),(402,2020402,19365,'60374608','Christa Hermina','Gurry Van Merwe','hvanmerwep0@scribd.com','440-758-154','https://librenoticias.com/wp-content/uploads/2020/08/default-user-image.png','167 Tomscot Terrace',466),(403,2020403,57988,'70500044','Mayor Shell','Guthrum Chalfain','schalfain2z@mac.com','746-560-611','https://librenoticias.com/wp-content/uploads/2020/08/default-user-image.png','9 Emmet Park',1457),(404,2020404,29289,'72132054','Norry Betti','Gutman Whiteoak','bwhiteoakbu@goodreads.com','735-749-395','https://librenoticias.com/wp-content/uploads/2020/08/default-user-image.png','29 Granby Place',307),(405,2020405,37408,'99018277','Karel Andreana','Gylle Chedzoy','achedzoy6r@github.io','514-528-190','https://librenoticias.com/wp-content/uploads/2020/08/default-user-image.png','0221 Mccormick Pass',1262),(406,2020406,19599,'44854356','Finn Swen','Haggata Cumbridge','scumbridgeg5@homestead.com','727-224-456','https://librenoticias.com/wp-content/uploads/2020/08/default-user-image.png','66 Spaight Alley',709),(407,2020407,85607,'68637922','Elane Carlota','Haldene Riddock','criddockd4@infoseek.co.jp','780-238-464','https://librenoticias.com/wp-content/uploads/2020/08/default-user-image.png','43590 7th Court',1412),(408,2020408,36071,'71458394','Jared Benedetto','Hall Churchouse','bchurchouseif@virginia.edu','651-140-147','https://librenoticias.com/wp-content/uploads/2020/08/default-user-image.png','1498 Clove Plaza',910),(409,2020409,42813,'49975040','Pedro Bondy','Hallibone Bamb','bbambad@thetimes.co.uk','298-860-329','https://librenoticias.com/wp-content/uploads/2020/08/default-user-image.png','28324 Sunbrook Crossing',645),(410,2020410,99939,'58098033','Vonny Shalne','Hamblyn Shimman','sshimmanbd@prlog.org','299-572-309','https://librenoticias.com/wp-content/uploads/2020/08/default-user-image.png','56435 Brickson Park Avenue',1038),(411,2020411,54272,'24266962','Jaime Demetra','Hamelyn Carles','dcarleslp@dell.com','800-643-624','https://librenoticias.com/wp-content/uploads/2020/08/default-user-image.png','090 Upham Circle',402),(412,2020412,73992,'97846265','Vin Hewitt','Hamelyn Ledur','hledurmy@usnews.com','602-105-733','https://librenoticias.com/wp-content/uploads/2020/08/default-user-image.png','0745 Lawn Park',1449),(413,2020413,90406,'99383114','Packston Valentine','Hand Baldazzi','vbaldazzi6q@ocn.ne.jp','975-381-780','https://librenoticias.com/wp-content/uploads/2020/08/default-user-image.png','75 Waxwing Point',670),(414,2020414,90900,'47871107','Gerick Elisha','Handsheart Flucks','eflucksab@auda.org.au','898-934-652','https://librenoticias.com/wp-content/uploads/2020/08/default-user-image.png','502 Maywood Terrace',257),(415,2020415,16103,'45726774','Lida Stormie','Hanmore Gaye','sgayedj@privacy.gov.au','234-941-681','https://librenoticias.com/wp-content/uploads/2020/08/default-user-image.png','64 Forster Trail',1264),(416,2020416,66160,'94508672','Kristian Edsel','Happert Rubinlicht','erubinlicht8e@hugedomains.com','345-877-250','https://librenoticias.com/wp-content/uploads/2020/08/default-user-image.png','4836 Sunfield Trail',1035),(417,2020417,52938,'77185899','Luisa Nicoli','Happs Oller','noller2s@businessweek.com','240-146-212','https://librenoticias.com/wp-content/uploads/2020/08/default-user-image.png','2632 2nd Center',687),(418,2020418,60357,'43378467','Bessie Keriann','Hardiker Klebes','kklebes9x@cdc.gov','476-249-186','https://librenoticias.com/wp-content/uploads/2020/08/default-user-image.png','25763 Service Lane',1382),(419,2020419,24164,'20714770','Barth Gregorio','Hardwin Kearford','gkearford4h@google.co.uk','547-243-866','https://librenoticias.com/wp-content/uploads/2020/08/default-user-image.png','458 Michigan Center',505),(420,2020420,62704,'15650208','Joby Carlie','Harold Ottam','cottami0@blogtalkradio.com','224-789-861','https://librenoticias.com/wp-content/uploads/2020/08/default-user-image.png','17 Schmedeman Parkway',1081),(421,2020421,36165,'47128037','Lise Marie-jeanne','Harty Golsthorp','mgolsthorpq1@paginegialle.it','798-552-651','https://librenoticias.com/wp-content/uploads/2020/08/default-user-image.png','05041 2nd Circle',191),(422,2020422,31058,'81458431','Sayres Ulberto','Haseley Taberer','utabererii@businessinsider.com','804-553-626','https://librenoticias.com/wp-content/uploads/2020/08/default-user-image.png','2 Blue Bill Park Street',434),(423,2020423,68266,'89410267','Say Monti','Hatherley Arendt','marendt1@about.com','229-947-146','https://librenoticias.com/wp-content/uploads/2020/08/default-user-image.png','7218 Loeprich Center',76),(424,2020424,82839,'89388721','Christoper Ken','Hathorn Nussgen','knussgenk@yahoo.co.jp','333-763-257','https://librenoticias.com/wp-content/uploads/2020/08/default-user-image.png','96 Lerdahl Plaza',725),(425,2020425,99232,'23247562','Minetta Freddi','Hatrey German','fgermanqs@csmonitor.com','563-749-285','https://librenoticias.com/wp-content/uploads/2020/08/default-user-image.png','10 Scott Drive',320),(426,2020426,45253,'92002250','Rica Marian','Hawlgarth Kulas','mkulas66@ustream.tv','958-768-291','https://librenoticias.com/wp-content/uploads/2020/08/default-user-image.png','919 La Follette Court',401),(427,2020427,30215,'84476918','Maure Sissy','Hayfield Casely','scasely4y@aboutads.info','971-953-113','https://librenoticias.com/wp-content/uploads/2020/08/default-user-image.png','9056 Harper Park',1276),(428,2020428,96752,'85578457','Kerk Aluino','Hebbes Sporner','aspornerdi@dagondesign.com','193-789-440','https://librenoticias.com/wp-content/uploads/2020/08/default-user-image.png','25 Kenwood Plaza',507),(429,2020429,41592,'70832626','Osmond Tyrone','Heeley Cooch','tcoochfu@census.gov','422-738-195','https://librenoticias.com/wp-content/uploads/2020/08/default-user-image.png','322 Northridge Junction',1312),(430,2020430,75128,'28000170','Westleigh Luigi','Heliot Geibel','lgeibel9n@fema.gov','197-717-367','https://librenoticias.com/wp-content/uploads/2020/08/default-user-image.png','5339 Merry Trail',501),(431,2020431,24562,'96572066','Abner Georg','Hellwig Columbine','gcolumbinecq@google.de','830-328-138','https://librenoticias.com/wp-content/uploads/2020/08/default-user-image.png','25 Schurz Lane',749),(432,2020432,92434,'37948336','Lilla Zonda','Helstrom Lally','zlallylu@slashdot.org','613-498-356','https://librenoticias.com/wp-content/uploads/2020/08/default-user-image.png','790 Logan Junction',346),(433,2020433,49659,'54902929','Delmer Stanfield','Heselwood Patterfield','spatterfieldcc@home.pl','489-282-415','https://librenoticias.com/wp-content/uploads/2020/08/default-user-image.png','30758 Dottie Street',1386),(434,2020434,98356,'46655577','Holt Zachery','Hessle Doll','zdollgq@xinhuanet.com','725-542-498','https://librenoticias.com/wp-content/uploads/2020/08/default-user-image.png','22508 Russell Parkway',383),(435,2020435,50944,'53317153','Donavon Reginauld','Hestrop Ridler','rridler4q@abc.net.au','800-439-281','https://librenoticias.com/wp-content/uploads/2020/08/default-user-image.png','92 Ridge Oak Circle',1228),(436,2020436,95099,'63828080','Ben Tymon','Hiers Cawthra','tcawthradc@mozilla.org','841-734-348','https://librenoticias.com/wp-content/uploads/2020/08/default-user-image.png','678 Merchant Court',769),(437,2020437,3504,'21289486','Henderson Ogden','Hindhaugh Ramelot','oramelot51@dailymotion.com','185-985-831','https://librenoticias.com/wp-content/uploads/2020/08/default-user-image.png','025 Knutson Avenue',504),(438,2020438,40847,'27364702','Stace Fallon','Hing Kimmins','fkimminsls@google.de','256-280-362','https://librenoticias.com/wp-content/uploads/2020/08/default-user-image.png','3 Kensington Circle',1178),(439,2020439,4182,'37301732','Barri Sandro','Hollows Chesterman','schestermanc2@archive.org','192-786-759','https://librenoticias.com/wp-content/uploads/2020/08/default-user-image.png','918 Bobwhite Avenue',1222),(440,2020440,50484,'40349384','Constancy Ainslie','Hollyar Twells','atwellsl3@is.gd','616-566-446','https://librenoticias.com/wp-content/uploads/2020/08/default-user-image.png','52108 Kensington Point',127),(441,2020441,86795,'89333151','Rudolph Arlan','Holme Slide','aslidege@smh.com.au','635-673-262','https://librenoticias.com/wp-content/uploads/2020/08/default-user-image.png','3983 Carey Drive',532),(442,2020442,80836,'52506833','Reg Rriocard','Horder Mico','rmicolc@moonfruit.com','147-686-673','https://librenoticias.com/wp-content/uploads/2020/08/default-user-image.png','28134 Ridge Oak Center',1026),(443,2020443,14881,'94912309','Ema Lynett','Hoston Aingel','laingel1j@godaddy.com','187-771-342','https://librenoticias.com/wp-content/uploads/2020/08/default-user-image.png','474 Brickson Park Circle',911),(444,2020444,10066,'22176804','Philipa Harriot','Houldcroft Dorling','hdorlingbp@craigslist.org','107-930-809','https://librenoticias.com/wp-content/uploads/2020/08/default-user-image.png','8 Logan Junction',451),(445,2020445,6637,'48704685','Charmaine Michele','Houlton Stickler','msticklerej@shop-pro.jp','437-676-849','https://librenoticias.com/wp-content/uploads/2020/08/default-user-image.png','90 Rutledge Drive',639),(446,2020446,56732,'42770010','Isadore Dicky','Howis Czaja','dczaja29@booking.com','983-780-951','https://librenoticias.com/wp-content/uploads/2020/08/default-user-image.png','7510 Shoshone Hill',1163),(447,2020447,35892,'79753132','Kurt Stinky','Hoyt Dunguy','sdunguyi8@hubpages.com','649-752-905','https://librenoticias.com/wp-content/uploads/2020/08/default-user-image.png','2840 Starling Street',301),(448,2020448,32252,'37246293','Coleman Fletch','Hubberstey Jonczyk','fjonczyks@printfriendly.com','647-273-277','https://librenoticias.com/wp-content/uploads/2020/08/default-user-image.png','61 Kennedy Lane',1441),(449,2020449,75907,'31501025','Tate Travers','Huby Devil','tdevilp6@vinaora.com','158-380-845','https://librenoticias.com/wp-content/uploads/2020/08/default-user-image.png','91 Lindbergh Hill',315),(450,2020450,27672,'94965050','Gwenette Adora','Hudspith Jamary','ajamary6b@ameblo.jp','645-827-368','https://librenoticias.com/wp-content/uploads/2020/08/default-user-image.png','87 Elka Street',1136),(451,2020451,4214,'84167232','Heath Claiborne','Husthwaite Licari','clicariev@csmonitor.com','947-949-667','https://librenoticias.com/wp-content/uploads/2020/08/default-user-image.png','44 Iowa Trail',301),(452,2020452,73710,'31495237','Emmalee Florella','Huxtable Chaimson','fchaimsonoj@upenn.edu','571-841-867','https://librenoticias.com/wp-content/uploads/2020/08/default-user-image.png','5 Rusk Crossing',896),(453,2020453,28768,'41815652','Niven Maxwell','Huygens Carlsson','mcarlssonkm@mapy.cz','495-402-671','https://librenoticias.com/wp-content/uploads/2020/08/default-user-image.png','16079 Vahlen Place',232),(454,2020454,33698,'14011183','Trudie Leshia','Hymas Kubczak','lkubczakdz@chron.com','819-736-626','https://librenoticias.com/wp-content/uploads/2020/08/default-user-image.png','5 Maywood Circle',708),(455,2020455,70009,'17933258','Lefty Jeffrey','Iannini Paice','jpaice8k@devhub.com','164-779-940','https://librenoticias.com/wp-content/uploads/2020/08/default-user-image.png','2 Eastwood Road',844),(456,2020456,69743,'39869391','Lutero Holden','Iliffe Pearsall','hpearsallln@bandcamp.com','880-961-890','https://librenoticias.com/wp-content/uploads/2020/08/default-user-image.png','23312 Kedzie Park',298),(457,2020457,41596,'32716772','Townsend Ebenezer','Ingerith Anselmi','eanselmird@cdbaby.com','706-642-875','https://librenoticias.com/wp-content/uploads/2020/08/default-user-image.png','81284 Spenser Pass',1120),(458,2020458,48898,'79262227','Charles Josiah','Ingrey Pedican','jpedicanly@friendfeed.com','878-942-820','https://librenoticias.com/wp-content/uploads/2020/08/default-user-image.png','47 Warbler Alley',1198),(459,2020459,72177,'61045099','Carlynne Grayce','Ingyon O\'Gready','gogreadyf6@unc.edu','366-941-542','https://librenoticias.com/wp-content/uploads/2020/08/default-user-image.png','4220 Blaine Way',501),(460,2020460,12448,'77779325','Rozella Gabriell','Isaq Fewell','gfewell6e@google.nl','906-241-269','https://librenoticias.com/wp-content/uploads/2020/08/default-user-image.png','5200 Mifflin Junction',289),(461,2020461,51421,'85250787','Edie Crysta','Ivashin McCurdy','cmccurdy5@baidu.com','231-521-339','https://librenoticias.com/wp-content/uploads/2020/08/default-user-image.png','26907 Bluejay Court',452),(462,2020462,1603,'61430612','Huntlee Blane','Iwanowicz Mishow','bmishowa@ovh.net','267-233-900','https://librenoticias.com/wp-content/uploads/2020/08/default-user-image.png','6894 Beilfuss Way',1397),(463,2020463,66306,'72469441','Noelani Cammie','Izzard Masters','cmasterskt@latimes.com','581-167-370','https://librenoticias.com/wp-content/uploads/2020/08/default-user-image.png','7 David Point',81),(464,2020464,54571,'45352479','Gilberte Glen','Jacmard Lowndsborough','glowndsboroughl2@chronoengine.com','815-207-595','https://librenoticias.com/wp-content/uploads/2020/08/default-user-image.png','6 Stephen Parkway',1030),(465,2020465,41484,'13748233','Trev Terrill','Jakubczyk Ladbury','tladburyo1@tinyurl.com','188-120-412','https://librenoticias.com/wp-content/uploads/2020/08/default-user-image.png','33412 Dwight Parkway',788),(466,2020466,5162,'31415398','Rustie Gregory','Jakubowski Skurray','gskurray5b@walmart.com','820-138-726','https://librenoticias.com/wp-content/uploads/2020/08/default-user-image.png','87987 Barby Hill',1190),(467,2020467,57346,'89506609','Jacquelyn Daria','Jandera Gallamore','dgallamore89@com.com','132-252-329','https://librenoticias.com/wp-content/uploads/2020/08/default-user-image.png','8852 Ridgeview Junction',815),(468,2020468,18720,'85205227','Elsie Carma','Janouch Spears','cspears7e@squidoo.com','846-355-588','https://librenoticias.com/wp-content/uploads/2020/08/default-user-image.png','98 John Wall Center',1002),(469,2020469,72218,'29714154','Jesus Pebrook','Jarmain Langthorne','plangthorneqp@ocn.ne.jp','721-147-573','https://librenoticias.com/wp-content/uploads/2020/08/default-user-image.png','4471 School Court',622),(470,2020470,86475,'27761457','Georgia Gennie','Jarrard Cudby','gcudbynd@huffingtonpost.com','233-757-187','https://librenoticias.com/wp-content/uploads/2020/08/default-user-image.png','660 Buena Vista Place',1395),(471,2020471,16609,'38480423','Georgena Pier','Jelf Ragat','pragatqy@answers.com','169-661-416','https://librenoticias.com/wp-content/uploads/2020/08/default-user-image.png','1987 Forest Dale Way',905),(472,2020472,66262,'35233606','Maureene Aubree','Jersh Pudney','apudney5r@microsoft.com','116-306-974','https://librenoticias.com/wp-content/uploads/2020/08/default-user-image.png','93588 Springview Alley',1263),(473,2020473,41239,'12062564','Kaylee Selie','Jess Peddie','speddiegd@abc.net.au','701-598-946','https://librenoticias.com/wp-content/uploads/2020/08/default-user-image.png','7 Bayside Trail',1293),(474,2020474,88360,'57541344','Ermin Chrissy','Jessep Comettoi','ccomettoiiu@cbc.ca','235-951-593','https://librenoticias.com/wp-content/uploads/2020/08/default-user-image.png','66462 Kings Trail',939),(475,2020475,35376,'36898975','Olav Shurlock','Jewitt Whickman','swhickman4x@theguardian.com','695-501-686','https://librenoticias.com/wp-content/uploads/2020/08/default-user-image.png','6252 Texas Park',364),(476,2020476,52072,'25586367','Kendrick Archaimbaud','Jillings Brugh','abrughh1@free.fr','605-182-562','https://librenoticias.com/wp-content/uploads/2020/08/default-user-image.png','644 Jay Street',886),(477,2020477,29376,'30356928','Cindi Anallise','Jiru Emson','aemsonfd@scribd.com','184-729-340','https://librenoticias.com/wp-content/uploads/2020/08/default-user-image.png','88961 Green Lane',1325),(478,2020478,80776,'31881532','Gregorio Samson','Jirus Thebe','sthebeqt@goo.gl','844-389-240','https://librenoticias.com/wp-content/uploads/2020/08/default-user-image.png','762 Northfield Alley',391),(479,2020479,73488,'55805584','Miguelita Rosalind','Johnsson Birdsey','rbirdsey5e@g.co','149-256-831','https://librenoticias.com/wp-content/uploads/2020/08/default-user-image.png','565 Moland Circle',1205),(480,2020480,34151,'70995839','Katherine Nelie','Jollands Walklot','nwalklotdo@sphinn.com','462-953-440','https://librenoticias.com/wp-content/uploads/2020/08/default-user-image.png','91 Riverside Terrace',827),(481,2020481,53264,'96230022','Gloria Dorita','Jones Ossipenko','dossipenkohl@arstechnica.com','833-493-344','https://librenoticias.com/wp-content/uploads/2020/08/default-user-image.png','493 Heath Avenue',1197),(482,2020482,67034,'16641280','Ursola Danyelle','Josum Terbrug','dterbrugd5@wikipedia.org','420-457-999','https://librenoticias.com/wp-content/uploads/2020/08/default-user-image.png','58499 Forest Dale Alley',388),(483,2020483,75173,'53105711','Paulie Xever','Jozefczak Worgan','xworgan9g@imdb.com','626-965-155','https://librenoticias.com/wp-content/uploads/2020/08/default-user-image.png','576 Maple Park',1199),(484,2020484,64070,'72742893','Jennie Bernardine','Jurn Ormrod','bormrodow@scientificamerican.com','258-486-807','https://librenoticias.com/wp-content/uploads/2020/08/default-user-image.png','65110 Eagan Junction',1355),(485,2020485,82890,'99967088','Dallon Nigel','Kapiloff Tavernor','ntavernor8x@flickr.com','499-417-663','https://librenoticias.com/wp-content/uploads/2020/08/default-user-image.png','6 Maple Wood Trail',1387),(486,2020486,24005,'69774635','Janelle Flore','Karlolczak Barwood','fbarwood61@dagondesign.com','559-877-749','https://librenoticias.com/wp-content/uploads/2020/08/default-user-image.png','118 Warrior Pass',1338),(487,2020487,94243,'43666444','Pablo Michail','Kaye Willcock','mwillcock1q@shutterfly.com','134-367-667','https://librenoticias.com/wp-content/uploads/2020/08/default-user-image.png','47203 Sundown Circle',579),(488,2020488,85790,'32038153','Stanwood Merry','Keast Bonafacino','mbonafacinokg@tiny.cc','966-590-894','https://librenoticias.com/wp-content/uploads/2020/08/default-user-image.png','9275 High Crossing Avenue',154),(489,2020489,98679,'85748883','Frans Towney','Kehir Rashleigh','trashleigham@oakley.com','638-703-935','https://librenoticias.com/wp-content/uploads/2020/08/default-user-image.png','46020 4th Parkway',1454),(490,2020490,39891,'61548327','Kareem Alexandre','Kemmer Niave','aniave4c@jugem.jp','415-822-905','https://librenoticias.com/wp-content/uploads/2020/08/default-user-image.png','929 Golf View Circle',608),(491,2020491,66021,'55404899','Maynord Puff','Kennagh Bidmead','pbidmeadeu@upenn.edu','107-323-315','https://librenoticias.com/wp-content/uploads/2020/08/default-user-image.png','83 Springs Junction',1215),(492,2020492,4291,'12556217','Isabeau Kristi','Kennefick Frounks','kfrounksf5@studiopress.com','425-930-873','https://librenoticias.com/wp-content/uploads/2020/08/default-user-image.png','76 Corben Parkway',667),(493,2020493,60812,'53729116','Benjamin Nikolaus','Ketts Greggor','ngreggorh7@walmart.com','345-463-590','https://librenoticias.com/wp-content/uploads/2020/08/default-user-image.png','19380 Trailsway Parkway',676),(494,2020494,13586,'99607459','Willem Patten','Kidston Bourget','pbourgeth5@reverbnation.com','662-570-764','https://librenoticias.com/wp-content/uploads/2020/08/default-user-image.png','7527 Hauk Pass',595),(495,2020495,54856,'36088190','Mendel Wylie','Kieff Edgler','wedgleraq@spotify.com','280-560-945','https://librenoticias.com/wp-content/uploads/2020/08/default-user-image.png','1816 Tennessee Alley',592),(496,2020496,10588,'96015241','Sidney Reynolds','Kilduff McClements','rmcclements67@who.int','885-232-115','https://librenoticias.com/wp-content/uploads/2020/08/default-user-image.png','08114 Golf View Alley',411),(497,2020497,62256,'20953904','Philomena Inge','Killcross Aldwick','ialdwickft@desdev.cn','905-543-689','https://librenoticias.com/wp-content/uploads/2020/08/default-user-image.png','21 Arizona Avenue',70),(498,2020498,97285,'31014856','Jayson Frederic','Killingsworth Tuckie','ftuckiedd@ow.ly','535-386-821','https://librenoticias.com/wp-content/uploads/2020/08/default-user-image.png','47 Gina Point',1109),(499,2020499,26907,'10413542','Milicent Jacquenette','Kimpton Oddey','joddeyms@reuters.com','225-474-335','https://librenoticias.com/wp-content/uploads/2020/08/default-user-image.png','3551 Dryden Drive',1216),(500,2020500,5949,'63040114','Aldous Raimund','Kindleysides Younger','ryoungerj3@shinystat.com','369-278-579','https://librenoticias.com/wp-content/uploads/2020/08/default-user-image.png','20311 Tennessee Road',840),(501,2020501,86140,'34239586','Emogene Vin','Kington Mobberley','vmobberleyiz@omniture.com','942-549-868','https://librenoticias.com/wp-content/uploads/2020/08/default-user-image.png','3656 High Crossing Terrace',313),(502,2020502,9302,'42689322','Cherri Joyan','Klawi Buxcy','jbuxcylx@sfgate.com','808-988-229','https://librenoticias.com/wp-content/uploads/2020/08/default-user-image.png','956 Village Green Drive',713),(503,2020503,51261,'12143497','Charyl Jo ann','Klebes Hayton','jhaytonny@pbs.org','267-510-263','https://librenoticias.com/wp-content/uploads/2020/08/default-user-image.png','90794 Mesta Hill',1237),(504,2020504,18325,'90861260','Ric Eadmund','Klementz Finker','efinkerib@dropbox.com','178-321-182','https://librenoticias.com/wp-content/uploads/2020/08/default-user-image.png','3 Acker Center',654),(505,2020505,4679,'62003521','Garrek Patrice','Klimecki Probert','pprobert5h@usa.gov','493-318-233','https://librenoticias.com/wp-content/uploads/2020/08/default-user-image.png','0 Florence Hill',1069),(506,2020506,53223,'82021811','Rafaellle Adler','Klus Cady','acady9l@hp.com','657-558-800','https://librenoticias.com/wp-content/uploads/2020/08/default-user-image.png','5 Forest Circle',1498),(507,2020507,92979,'41466375','Delila Marti','Knibley Struthers','mstruthers5d@google.com.hk','434-812-913','https://librenoticias.com/wp-content/uploads/2020/08/default-user-image.png','649 Sutherland Park',684),(508,2020508,53350,'93025696','Beverlee Kerri','Knightsbridge Sheal','kshealra@msn.com','301-909-601','https://librenoticias.com/wp-content/uploads/2020/08/default-user-image.png','9 Moland Crossing',1049),(509,2020509,28436,'11655993','Kim Saloma','Knowller Noble','snoblej6@ibm.com','569-486-217','https://librenoticias.com/wp-content/uploads/2020/08/default-user-image.png','46889 Burning Wood Lane',733),(510,2020510,72755,'96791411','Valaria Camilla','Kobelt Matyukon','cmatyukonau@timesonline.co.uk','953-723-230','https://librenoticias.com/wp-content/uploads/2020/08/default-user-image.png','155 Waubesa Place',1098),(511,2020511,30107,'86509908','Christiano Ugo','Konerding Faux','ufauxc6@loc.gov','801-316-636','https://librenoticias.com/wp-content/uploads/2020/08/default-user-image.png','54 Farmco Alley',221),(512,2020512,15942,'41413197','Bruce Flemming','Kowal Cressor','fcressord0@archive.org','687-530-620','https://librenoticias.com/wp-content/uploads/2020/08/default-user-image.png','7 Londonderry Point',1425),(513,2020513,36636,'15608211','Tremayne Lazaro','Krolak St. Clair','lstclair6n@spiegel.de','305-965-645','https://librenoticias.com/wp-content/uploads/2020/08/default-user-image.png','0770 Forster Parkway',840),(514,2020514,34688,'93036293','Hallie Tommie','Kunneke Bartolomeazzi','tbartolomeazzi82@europa.eu','156-985-189','https://librenoticias.com/wp-content/uploads/2020/08/default-user-image.png','84437 Nancy Alley',875),(515,2020515,29299,'86519330','Starlene Letta','Kupke Helsdon','lhelsdonr7@discuz.net','742-641-104','https://librenoticias.com/wp-content/uploads/2020/08/default-user-image.png','14954 Pepper Wood Terrace',1023),(516,2020516,36524,'81128730','Stacee Bartholomeo','Kynton Swait','bswaited@joomla.org','541-778-735','https://librenoticias.com/wp-content/uploads/2020/08/default-user-image.png','60089 Grim Park',512),(517,2020517,4813,'85513519','Anestassia Grete','Lacknor Pexton','gpexton8g@dropbox.com','856-445-936','https://librenoticias.com/wp-content/uploads/2020/08/default-user-image.png','8 Kinsman Drive',751),(518,2020518,45620,'32189624','Othilia Billy','Lagen Macek','bmacekfq@nbcnews.com','596-966-900','https://librenoticias.com/wp-content/uploads/2020/08/default-user-image.png','06865 Derek Circle',125),(519,2020519,78519,'20054432','Isadora Kara-lynn','Lamyman Raden','kradenbw@ameblo.jp','977-769-148','https://librenoticias.com/wp-content/uploads/2020/08/default-user-image.png','00 Packers Parkway',976),(520,2020520,32573,'29004314','Ferdinande Dorolisa','Lanaway Elstob','delstobf@barnesandnoble.com','519-796-988','https://librenoticias.com/wp-content/uploads/2020/08/default-user-image.png','9 Blue Bill Park Street',1265),(521,2020521,13132,'55519283','Lorrin Adelaida','Langworthy Peddie','apeddieoa@last.fm','210-411-539','https://librenoticias.com/wp-content/uploads/2020/08/default-user-image.png','7561 Cambridge Circle',663),(522,2020522,70658,'52199114','Elisabeth Ellyn','Lansbury Antonoyev','eantonoyev26@google.co.uk','427-611-417','https://librenoticias.com/wp-content/uploads/2020/08/default-user-image.png','52 Northwestern Pass',136),(523,2020523,43213,'72723520','Timmie Harmonie','Lapish Jovey','hjoveyfn@rambler.ru','773-952-325','https://librenoticias.com/wp-content/uploads/2020/08/default-user-image.png','29780 Eggendart Trail',144),(524,2020524,59761,'61973475','Goober Rusty','Larham Sands','rsandslt@wunderground.com','668-995-887','https://librenoticias.com/wp-content/uploads/2020/08/default-user-image.png','92 Sutteridge Hill',467),(525,2020525,59462,'68890762','Noelani Andriette','Laverick Blyth','ablythlh@tamu.edu','377-983-737','https://librenoticias.com/wp-content/uploads/2020/08/default-user-image.png','5865 Longview Drive',1051),(526,2020526,87440,'28979551','Ainslee Edi','Lavigne McCrum','emccrum27@mediafire.com','496-923-264','https://librenoticias.com/wp-content/uploads/2020/08/default-user-image.png','7 Pearson Alley',899),(527,2020527,14539,'60304472','Deanna Sibilla','Lawrenson Gledhall','sgledhallcu@reverbnation.com','250-680-405','https://librenoticias.com/wp-content/uploads/2020/08/default-user-image.png','244 Forster Trail',1477),(528,2020528,60941,'71154885','Brennen Meryl','Lawty Minucci','mminucci4d@youtube.com','284-300-287','https://librenoticias.com/wp-content/uploads/2020/08/default-user-image.png','5 Redwing Pass',769),(529,2020529,64687,'86944664','Quincey Burl','Le Guin Dunthorn','bdunthorn8y@businessweek.com','789-572-595','https://librenoticias.com/wp-content/uploads/2020/08/default-user-image.png','39 Oneill Circle',1268),(530,2020530,63672,'57679949','Leonidas Martin','Leale Nisot','mnisot4j@elegantthemes.com','215-750-179','https://librenoticias.com/wp-content/uploads/2020/08/default-user-image.png','3 Towne Park',545),(531,2020531,4359,'59837205','Gordan Gav','Leathard Miebes','gmiebespb@meetup.com','148-911-612','https://librenoticias.com/wp-content/uploads/2020/08/default-user-image.png','20542 Carberry Avenue',1381),(532,2020532,41547,'40800506','Keriann Jenica','Lecordier Orr','jorr53@zdnet.com','867-821-668','https://librenoticias.com/wp-content/uploads/2020/08/default-user-image.png','8433 Anzinger Center',1144),(533,2020533,40812,'34146598','Morry Stavros','Leefe Costanza','scostanzah6@dmoz.org','650-682-446','https://librenoticias.com/wp-content/uploads/2020/08/default-user-image.png','9657 Maryland Drive',917),(534,2020534,17121,'89989910','Violette Marrilee','Legan Mallabar','mmallabarja@naver.com','959-841-423','https://librenoticias.com/wp-content/uploads/2020/08/default-user-image.png','7 Doe Crossing Way',1079),(535,2020535,27308,'21943322','Pierre Lefty','Leyden Olanda','lolandag2@howstuffworks.com','565-790-884','https://librenoticias.com/wp-content/uploads/2020/08/default-user-image.png','49 Morrow Point',830),(536,2020536,79960,'87730756','Genovera Marja','Liddell Bembrigg','mbembriggjq@about.com','931-782-377','https://librenoticias.com/wp-content/uploads/2020/08/default-user-image.png','0 Fairfield Lane',474),(537,2020537,78271,'96682583','Gael Don','Lindberg Pollack','dpollack24@addtoany.com','702-912-875','https://librenoticias.com/wp-content/uploads/2020/08/default-user-image.png','7 Troy Plaza',926),(538,2020538,34926,'61330865','Edin Elka','Lindelof Dolle','edolleai@last.fm','613-950-735','https://librenoticias.com/wp-content/uploads/2020/08/default-user-image.png','67 Erie Hill',513),(539,2020539,32588,'96736018','Cari Adriane','Lints Maccraw','amaccraw1b@ycombinator.com','585-367-782','https://librenoticias.com/wp-content/uploads/2020/08/default-user-image.png','43858 2nd Parkway',11),(540,2020540,24560,'97541974','Daisy Rodie','Lipsett Caldeiro','rcaldeiro8b@home.pl','681-237-894','https://librenoticias.com/wp-content/uploads/2020/08/default-user-image.png','0796 Coolidge Lane',865),(541,2020541,41775,'83144421','Wilhelm Pincas','Liversidge Withrington','pwithringtonqm@sitemeter.com','966-933-476','https://librenoticias.com/wp-content/uploads/2020/08/default-user-image.png','78 Troy Pass',814),(542,2020542,91874,'98635429','Rebekkah Rubetta','Loadwick Spiby','rspibycw@washington.edu','778-195-324','https://librenoticias.com/wp-content/uploads/2020/08/default-user-image.png','8977 Scoville Drive',59),(543,2020543,89274,'16097799','Lulita Letta','Lober Prettejohns','lprettejohns8m@shinystat.com','939-766-459','https://librenoticias.com/wp-content/uploads/2020/08/default-user-image.png','24332 Dennis Point',142),(544,2020544,96694,'16964170','Eada Arlyn','Logesdale Dumbrill','adumbrillgk@techcrunch.com','761-135-416','https://librenoticias.com/wp-content/uploads/2020/08/default-user-image.png','09 Cardinal Place',569),(545,2020545,80550,'94278248','Angeline Jillana','Loiterton Sayburn','jsayburnjx@rambler.ru','639-101-858','https://librenoticias.com/wp-content/uploads/2020/08/default-user-image.png','04348 Homewood Way',970),(546,2020546,93715,'82007742','Shela Corabel','Longworth Brimmell','cbrimmell5w@discuz.net','765-810-111','https://librenoticias.com/wp-content/uploads/2020/08/default-user-image.png','94385 Hallows Pass',87),(547,2020547,85210,'36357595','Raddy Ikey','Lovart Giuroni','igiuronim1@ow.ly','284-319-586','https://librenoticias.com/wp-content/uploads/2020/08/default-user-image.png','004 Shopko Center',148),(548,2020548,91522,'81489041','Mariam Emlynne','MacAlees Seiter','eseiterpk@github.io','998-837-569','https://librenoticias.com/wp-content/uploads/2020/08/default-user-image.png','4 5th Parkway',1490),(549,2020549,77455,'86552258','Etty Mellie','MacArdle Klimuk','mklimukk7@ehow.com','700-179-100','https://librenoticias.com/wp-content/uploads/2020/08/default-user-image.png','290 Hollow Ridge Center',1036),(550,2020550,62956,'59316067','Charley Whit','MacCartan Pointin','wpointin2w@altervista.org','250-338-734','https://librenoticias.com/wp-content/uploads/2020/08/default-user-image.png','0 Eagle Crest Circle',868),(551,2020551,96568,'36282462','Eugenie Lexis','MacGauhy Deek','ldeek83@state.tx.us','862-790-964','https://librenoticias.com/wp-content/uploads/2020/08/default-user-image.png','6913 Towne Road',279),(552,2020552,61955,'90954627','Enid Constanta','MacGinley Allston','callstoncz@slideshare.net','455-415-387','https://librenoticias.com/wp-content/uploads/2020/08/default-user-image.png','5736 Sugar Place',1393),(553,2020553,33406,'97467192','Kelcy Blaire','MacGiolla Prosh','bproshg@nationalgeographic.com','932-682-658','https://librenoticias.com/wp-content/uploads/2020/08/default-user-image.png','55 Northwestern Avenue',263),(554,2020554,88734,'68450088','Lannie Jules','Macken McNea','jmcneaqe@reuters.com','649-845-423','https://librenoticias.com/wp-content/uploads/2020/08/default-user-image.png','5 Forest Way',788),(555,2020555,7201,'66461056','Myrvyn Gearalt','MacMeekan Krink','gkrink9w@freewebs.com','904-633-300','https://librenoticias.com/wp-content/uploads/2020/08/default-user-image.png','2 Park Meadow Street',883),(556,2020556,75970,'83109945','Gwyneth Ariana','MacMenemy Ales0','aalescl@odnoklassniki.ru','507-618-437','https://librenoticias.com/wp-content/uploads/2020/08/default-user-image.png','082 Sullivan Place',398),(557,2020557,54312,'29273890','Francoise Doris','MacNeillie Stronghill','dstronghillji@cafepress.com','765-869-336','https://librenoticias.com/wp-content/uploads/2020/08/default-user-image.png','693 Pleasure Lane',906),(558,2020558,78651,'39598722','Ardath Raf','Maddie Devil','rdevil3@usda.gov','560-996-318','https://librenoticias.com/wp-content/uploads/2020/08/default-user-image.png','16 Lotheville Terrace',1247),(559,2020559,97682,'79268121','Pooh Malanie','Mainston Compson','mcompson8w@artisteer.com','592-924-788','https://librenoticias.com/wp-content/uploads/2020/08/default-user-image.png','8 Nova Terrace',335),(560,2020560,38995,'36541971','Gussi Lindy','Maletratt Toma','ltomacj@imgur.com','772-600-368','https://librenoticias.com/wp-content/uploads/2020/08/default-user-image.png','9 Carberry Hill',45),(561,2020561,74559,'94380087','Jamison Mead','Mallen Leonida','mleonidadu@hp.com','377-491-375','https://librenoticias.com/wp-content/uploads/2020/08/default-user-image.png','89 Shelley Hill',136),(562,2020562,17683,'82135105','Francesca Analise','Manclark Milne','amilneg7@salon.com','224-123-195','https://librenoticias.com/wp-content/uploads/2020/08/default-user-image.png','719 Green Pass',1270),(563,2020563,22445,'39913212','Axel Welbie','Manoelli McCaughan','wmccaughanl@wordpress.org','571-116-223','https://librenoticias.com/wp-content/uploads/2020/08/default-user-image.png','9939 David Hill',808),(564,2020564,30424,'65777663','Merle Fin','Mansbridge Crottagh','fcrottagh42@hao123.com','788-537-888','https://librenoticias.com/wp-content/uploads/2020/08/default-user-image.png','573 Fieldstone Way',507),(565,2020565,23074,'87837307','Misti Frannie','Mansford Baitman','fbaitmanph@miibeian.gov.cn','159-979-155','https://librenoticias.com/wp-content/uploads/2020/08/default-user-image.png','73 Algoma Avenue',1294),(566,2020566,14997,'45582566','Evvie Morgen','Manuely Habens','mhabens5n@un.org','107-386-793','https://librenoticias.com/wp-content/uploads/2020/08/default-user-image.png','98038 Cherokee Crossing',932),(567,2020567,21361,'54522475','Elisha Marlie','Marchelli Conws','mconws6l@lycos.com','795-139-884','https://librenoticias.com/wp-content/uploads/2020/08/default-user-image.png','8 American Ash Avenue',890),(568,2020568,46999,'59989826','Edward Fremont','Marini Karpenya','fkarpenyafa@baidu.com','911-910-193','https://librenoticias.com/wp-content/uploads/2020/08/default-user-image.png','7119 Forest Run Place',474),(569,2020569,45359,'19665952','Gillan Nedi','Marrion Illidge','nillidgeo0@mayoclinic.com','552-165-623','https://librenoticias.com/wp-content/uploads/2020/08/default-user-image.png','7916 Porter Pass',1493),(570,2020570,15934,'97676667','Roi Kain','Martelet McGawn','kmcgawncx@squarespace.com','590-477-340','https://librenoticias.com/wp-content/uploads/2020/08/default-user-image.png','0501 Knutson Point',951),(571,2020571,70919,'80761191','Claretta Cariotta','Martlew Eckly','ceckly3g@youtu.be','311-169-548','https://librenoticias.com/wp-content/uploads/2020/08/default-user-image.png','83341 Merrick Hill',45),(572,2020572,77715,'13617389','Woodrow Rayner','Massy Ledington','rledington6j@over-blog.com','854-322-663','https://librenoticias.com/wp-content/uploads/2020/08/default-user-image.png','54974 Towne Way',579),(573,2020573,97117,'79584405','Gaven Algernon','Matevosian Sutty','asuttyit@yandex.ru','739-283-266','https://librenoticias.com/wp-content/uploads/2020/08/default-user-image.png','85735 Southridge Drive',145),(574,2020574,8762,'98284020','Gwendolyn Heloise','Matoshin Pittwood','hpittwood44@moonfruit.com','861-908-779','https://librenoticias.com/wp-content/uploads/2020/08/default-user-image.png','89 Summer Ridge Point',417),(575,2020575,67993,'60130838','Rebekkah Daveen','Matuszewski Persian','dpersianpa@jiathis.com','868-362-615','https://librenoticias.com/wp-content/uploads/2020/08/default-user-image.png','3874 Eagan Crossing',1331),(576,2020576,79275,'58523362','Emmerich Brewster','Matzkaitis Crann','bcrannm4@paypal.com','310-122-616','https://librenoticias.com/wp-content/uploads/2020/08/default-user-image.png','1188 Bartillon Trail',520),(577,2020577,75614,'36515773','Juanita Toni','Maunders Peart','tpeartrj@slashdot.org','829-981-802','https://librenoticias.com/wp-content/uploads/2020/08/default-user-image.png','402 Armistice Junction',669),(578,2020578,17359,'62829367','Dora Anny','Mayman Saill','asaill4r@so-net.ne.jp','302-377-403','https://librenoticias.com/wp-content/uploads/2020/08/default-user-image.png','17 Cherokee Street',1349),(579,2020579,66202,'84592844','Sauncho Olivero','Mayte Thyer','othyer7h@apache.org','661-155-702','https://librenoticias.com/wp-content/uploads/2020/08/default-user-image.png','212 Northport Hill',1467),(580,2020580,67036,'43398297','Earl Giselbert','Mazzia Vedeniktov','gvedeniktov5s@redcross.org','967-498-481','https://librenoticias.com/wp-content/uploads/2020/08/default-user-image.png','476 Nancy Plaza',408),(581,2020581,15647,'75728992','Farleigh Gran','McCafferty Corbett','gcorbetthq@businessweek.com','804-870-119','https://librenoticias.com/wp-content/uploads/2020/08/default-user-image.png','768 Pankratz Terrace',677),(582,2020582,24256,'63378089','Jase Godfree','McCaffrey Krishtopaittis','gkrishtopaittisla@mit.edu','697-299-776','https://librenoticias.com/wp-content/uploads/2020/08/default-user-image.png','6443 Jackson Parkway',400),(583,2020583,73581,'26640779','Percival Edward','McCloud Archambault','earchambaultf7@mashable.com','372-707-828','https://librenoticias.com/wp-content/uploads/2020/08/default-user-image.png','0 Holy Cross Avenue',192),(584,2020584,86746,'23367971','Doug Alexio','McCool Dell Casa','adellcasai6@nasa.gov','377-857-254','https://librenoticias.com/wp-content/uploads/2020/08/default-user-image.png','6723 Dapin Road',1138),(585,2020585,66990,'23509008','Bertha Dorise','McCowen Stitcher','dstitchercg@meetup.com','991-869-219','https://librenoticias.com/wp-content/uploads/2020/08/default-user-image.png','01 Randy Alley',1165),(586,2020586,60157,'50906426','Emlynn Marja','McCullagh McElane','mmcelanepo@admin.ch','971-637-571','https://librenoticias.com/wp-content/uploads/2020/08/default-user-image.png','6913 Trailsway Hill',23),(587,2020587,27449,'28257916','Clarance Ali','McDoual Cappel','acappel5l@imageshack.us','594-220-155','https://librenoticias.com/wp-content/uploads/2020/08/default-user-image.png','6479 Charing Cross Pass',1154),(588,2020588,62122,'34294213','Kleon Waite','McGilleghole Dominighi','wdominighipl@java.com','428-233-483','https://librenoticias.com/wp-content/uploads/2020/08/default-user-image.png','424 Center Way',301),(589,2020589,75378,'95288950','Alaster Gregory','McGlynn Masden','gmasdengf@hugedomains.com','108-853-583','https://librenoticias.com/wp-content/uploads/2020/08/default-user-image.png','6 Porter Park',69),(590,2020590,79019,'39696065','Ashia Lark','McIlmorow Fruser','lfruserql@economist.com','223-943-269','https://librenoticias.com/wp-content/uploads/2020/08/default-user-image.png','049 Atwood Plaza',1255),(591,2020591,79106,'14585421','Donnajean Arlen','McKennan Skeen','askeenbv@zdnet.com','810-480-982','https://librenoticias.com/wp-content/uploads/2020/08/default-user-image.png','97353 Vahlen Hill',1297),(592,2020592,98226,'99956052','Carly Dagmar','McKenny Curnnokk','dcurnnokkrn@paginegialle.it','867-106-896','https://librenoticias.com/wp-content/uploads/2020/08/default-user-image.png','8631 Onsgard Drive',779),(593,2020593,90940,'88493650','Frances Phyllida','McLagan Fussie','pfussiepn@ted.com','600-497-909','https://librenoticias.com/wp-content/uploads/2020/08/default-user-image.png','839 Blackbird Alley',180),(594,2020594,66615,'46564967','Brendin Krisha','Mcmanaman Kippie','kkippie72@gravatar.com','554-839-271','https://librenoticias.com/wp-content/uploads/2020/08/default-user-image.png','35830 Gateway Circle',761),(595,2020595,1221,'12369144','Gage Harwilll','McNaughton McIllroy','hmcillroymv@reddit.com','724-594-915','https://librenoticias.com/wp-content/uploads/2020/08/default-user-image.png','699 Hudson Alley',568),(596,2020596,9738,'63006759','Burt Jedd','McNirlan Guerrazzi','jguerrazzi9o@dot.gov','384-699-620','https://librenoticias.com/wp-content/uploads/2020/08/default-user-image.png','3 Marquette Crossing',931),(597,2020597,2262,'72459061','Genvieve Carolee','McTrustrie Fones','cfoneser@issuu.com','347-500-276','https://librenoticias.com/wp-content/uploads/2020/08/default-user-image.png','70 Crownhardt Trail',616),(598,2020598,93203,'78641832','Christopher Muffin','McVanamy Ronchka','mronchkaj9@ucoz.ru','730-316-926','https://librenoticias.com/wp-content/uploads/2020/08/default-user-image.png','1 Twin Pines Junction',1057),(599,2020599,70079,'96288626','Mayer Howard','Meace Moxom','hmoxoma3@amazon.co.uk','649-328-686','https://librenoticias.com/wp-content/uploads/2020/08/default-user-image.png','278 Hintze Circle',1252),(600,2020600,28479,'63902007','Sibel Liz','Medmore Gwynn','lgwynnoi@ucla.edu','558-165-283','https://librenoticias.com/wp-content/uploads/2020/08/default-user-image.png','59 Spaight Pass',427),(601,2020601,23945,'51879753','Fergus Collin','Meechan Julien','cjuliena8@cargocollective.com','443-136-360','https://librenoticias.com/wp-content/uploads/2020/08/default-user-image.png','13 Onsgard Road',267),(602,2020602,23145,'30191998','Siward Salomon','Melan Kimmins','skimmins90@wunderground.com','709-122-254','https://librenoticias.com/wp-content/uploads/2020/08/default-user-image.png','57759 School Terrace',1419),(603,2020603,49357,'85838989','Cassaundra Noellyn','Melato Lahiff','nlahiffo9@utexas.edu','198-560-179','https://librenoticias.com/wp-content/uploads/2020/08/default-user-image.png','229 Donald Crossing',1166),(604,2020604,74147,'38536801','Melloney Vittoria','Melato Jakubowicz','vjakubowiczr4@is.gd','279-229-301','https://librenoticias.com/wp-content/uploads/2020/08/default-user-image.png','78083 Buena Vista Way',106),(605,2020605,43602,'81373220','Lovell Nevins','Melmoth Manderson','nmandersonhk@scientificamerican.com','286-539-375','https://librenoticias.com/wp-content/uploads/2020/08/default-user-image.png','7 Northport Pass',1109),(606,2020606,68928,'26368058','Camey Steffen','Meneux Dow','sdowqj@reddit.com','180-919-833','https://librenoticias.com/wp-content/uploads/2020/08/default-user-image.png','2 Hanover Circle',145),(607,2020607,15538,'30701263','Barrett Charlton','Menilove Tosh','ctoshdb@ifeng.com','346-231-556','https://librenoticias.com/wp-content/uploads/2020/08/default-user-image.png','4 Chinook Terrace',555),(608,2020608,46850,'46082143','Dillie Aldin','Merner Glaisner','aglaisneray@csmonitor.com','321-906-452','https://librenoticias.com/wp-content/uploads/2020/08/default-user-image.png','80547 International Crossing',726),(609,2020609,80124,'19461543','Gabriella Maryjo','Middlemiss Penni','mpennio6@patch.com','355-324-929','https://librenoticias.com/wp-content/uploads/2020/08/default-user-image.png','8236 Sachtjen Road',651),(610,2020610,73535,'24386652','Jerrilyn Julianna','Midner Penhaligon','jpenhaligonov@bbb.org','287-851-223','https://librenoticias.com/wp-content/uploads/2020/08/default-user-image.png','9 Summerview Place',581),(611,2020611,1009,'59770424','Mathe Wolfgang','Milius Peaple','wpeaple1d@newsvine.com','186-106-119','https://librenoticias.com/wp-content/uploads/2020/08/default-user-image.png','66 Stephen Lane',930),(612,2020612,51112,'20370940','Brendis Trumaine','Millen Brakewell','tbrakewellpg@bbc.co.uk','764-550-162','https://librenoticias.com/wp-content/uploads/2020/08/default-user-image.png','1679 Northport Court',15),(613,2020613,67782,'95031907','Lennie Farley','Millett Stoller','fstollerou@yale.edu','819-479-840','https://librenoticias.com/wp-content/uploads/2020/08/default-user-image.png','979 Harbort Avenue',820),(614,2020614,54079,'38924684','Sinclare Ikey','Milvarnie Duxbury','iduxburylv@epa.gov','324-124-697','https://librenoticias.com/wp-content/uploads/2020/08/default-user-image.png','8325 Muir Point',57),(615,2020615,33018,'94298738','Ferdinande Janina','Minchella Le Strange','jlestrange2o@liveinternet.ru','583-846-903','https://librenoticias.com/wp-content/uploads/2020/08/default-user-image.png','98402 5th Point',431),(616,2020616,29005,'76007374','Ernestus Artus','Mincini Albarez','aalbarezfo@illinois.edu','372-501-767','https://librenoticias.com/wp-content/uploads/2020/08/default-user-image.png','7544 Clove Road',418),(617,2020617,91710,'64711264','Dallas Bryn','Mitchall Paolone','bpaoloneh2@istockphoto.com','192-689-733','https://librenoticias.com/wp-content/uploads/2020/08/default-user-image.png','45 West Point',1389),(618,2020618,79891,'76514933','Fredelia Allianora','Mitskevich Bethel','abethel3h@mit.edu','678-982-521','https://librenoticias.com/wp-content/uploads/2020/08/default-user-image.png','396 Old Gate Circle',797),(619,2020619,8316,'13787684','Berkley Kristos','Moakler Honniebal','khonniebalfe@cdc.gov','458-536-545','https://librenoticias.com/wp-content/uploads/2020/08/default-user-image.png','19169 Lakewood Gardens Alley',203),(620,2020620,28432,'31619170','Patience Nari','Moncey Klausen','nklausenpy@independent.co.uk','508-705-495','https://librenoticias.com/wp-content/uploads/2020/08/default-user-image.png','0 Fuller Pass',1144),(621,2020621,59927,'13639316','Mervin Torrence','Monro Cardon','tcardone1@ucoz.ru','405-242-768','https://librenoticias.com/wp-content/uploads/2020/08/default-user-image.png','6863 Twin Pines Hill',1138),(622,2020622,98071,'81242842','Hadria Nicole','Moralee Malyon','nmalyonjm@thetimes.co.uk','502-438-541','https://librenoticias.com/wp-content/uploads/2020/08/default-user-image.png','8276 Stone Corner Hill',382),(623,2020623,68553,'48760516','Griffie Lester','Moreno Petris','lpetriskv@drupal.org','215-781-481','https://librenoticias.com/wp-content/uploads/2020/08/default-user-image.png','724 Westend Terrace',333),(624,2020624,49315,'84988212','Andie Barron','Mosedall Blitz','bblitz7t@state.gov','683-448-398','https://librenoticias.com/wp-content/uploads/2020/08/default-user-image.png','7 Donald Court',105),(625,2020625,27345,'90249735','Lizette Melisenda','Mosley Mackiewicz','mmackiewiczb6@symantec.com','254-315-303','https://librenoticias.com/wp-content/uploads/2020/08/default-user-image.png','5 Hazelcrest Avenue',672),(626,2020626,50150,'81696490','Darnall Hercule','Motto Theurer','htheurerqq@prnewswire.com','585-930-726','https://librenoticias.com/wp-content/uploads/2020/08/default-user-image.png','73603 Crowley Drive',1073),(627,2020627,95083,'72923176','Augustine Ichabod','Mound Andreini','iandreini3k@stanford.edu','450-640-163','https://librenoticias.com/wp-content/uploads/2020/08/default-user-image.png','5 Ridge Oak Circle',520),(628,2020628,59820,'68025536','Alvin Chip','Mountjoy Layfield','clayfieldke@spotify.com','107-462-686','https://librenoticias.com/wp-content/uploads/2020/08/default-user-image.png','4 Fordem Court',113),(629,2020629,39608,'59051065','Willey Shepard','Mountney Deverill','sdeverillos@cloudflare.com','698-930-491','https://librenoticias.com/wp-content/uploads/2020/08/default-user-image.png','70 Butternut Road',1029),(630,2020630,50257,'84477921','Cacilie Rhoda','Mozzi Godfroy','rgodfroyrb@buzzfeed.com','377-963-378','https://librenoticias.com/wp-content/uploads/2020/08/default-user-image.png','65094 Pond Plaza',112),(631,2020631,83313,'43684400','Irv Chaunce','Mullett Stanluck','cstanluckrg@vistaprint.com','310-317-269','https://librenoticias.com/wp-content/uploads/2020/08/default-user-image.png','158 Maple Lane',548),(632,2020632,50184,'29087623','Gray Rodrique','Munden Ibeson','ribesonnl@t.co','888-883-705','https://librenoticias.com/wp-content/uploads/2020/08/default-user-image.png','7 Carberry Court',708),(633,2020633,51105,'81089662','Tomas Weber','Murby Philippard','wphilippard98@about.me','506-388-224','https://librenoticias.com/wp-content/uploads/2020/08/default-user-image.png','8215 Coleman Street',1256),(634,2020634,93192,'48187581','Blancha Jolyn','Murcott Hubbard','jhubbardaf@princeton.edu','142-636-565','https://librenoticias.com/wp-content/uploads/2020/08/default-user-image.png','147 Carpenter Hill',1401),(635,2020635,26516,'96674637','Neill Freemon','Murphy Mengue','fmengue8a@xinhuanet.com','555-772-445','https://librenoticias.com/wp-content/uploads/2020/08/default-user-image.png','70 Drewry Plaza',854),(636,2020636,7089,'84920215','Amabel Daniele','Murrish Mosedill','dmosedillei@biblegateway.com','384-214-618','https://librenoticias.com/wp-content/uploads/2020/08/default-user-image.png','4 Fair Oaks Parkway',851),(637,2020637,70146,'14956491','Seline Alberta','Napoli Dilawey','adilawey16@baidu.com','648-248-113','https://librenoticias.com/wp-content/uploads/2020/08/default-user-image.png','06638 Bartelt Place',377),(638,2020638,99282,'79495480','Enoch Salvador','Nardoni Tranckle','stranckleod@wikimedia.org','530-875-220','https://librenoticias.com/wp-content/uploads/2020/08/default-user-image.png','1 Bay Lane',1052),(639,2020639,95389,'57020592','Ashlee Laurette','Naulty Pelchat','lpelchat87@imageshack.us','568-983-900','https://librenoticias.com/wp-content/uploads/2020/08/default-user-image.png','74196 Elmside Crossing',890),(640,2020640,45787,'10121333','Joseph Jarrid','Negro Sherman','jsherman63@multiply.com','635-665-829','https://librenoticias.com/wp-content/uploads/2020/08/default-user-image.png','9 North Drive',590),(641,2020641,85733,'96395655','Dionis Meredith','Nelm Ivushkin','mivushkinml@ifeng.com','382-785-622','https://librenoticias.com/wp-content/uploads/2020/08/default-user-image.png','13 Monterey Road',557),(642,2020642,47238,'21805401','Giff Vinny','Nelmes Adriaan','vadriaan6u@sciencedirect.com','484-927-411','https://librenoticias.com/wp-content/uploads/2020/08/default-user-image.png','856 David Avenue',1393),(643,2020643,49596,'47504773','Frazier Micah','Newlan Fourmy','mfourmy43@xrea.com','723-975-917','https://librenoticias.com/wp-content/uploads/2020/08/default-user-image.png','90402 Loftsgordon Alley',560),(644,2020644,55243,'89017896','Alisa Vitia','Nickols Tanswell','vtanswellgp@g.co','965-836-117','https://librenoticias.com/wp-content/uploads/2020/08/default-user-image.png','8801 Granby Crossing',817),(645,2020645,46740,'75095360','Cammy Zak','Noell Tebbet','ztebbetmr@nifty.com','736-204-821','https://librenoticias.com/wp-content/uploads/2020/08/default-user-image.png','9206 Superior Place',940),(646,2020646,50152,'75244325','Hammad Brion','Northey Debill','bdebilljh@wufoo.com','984-852-856','https://librenoticias.com/wp-content/uploads/2020/08/default-user-image.png','92272 Bowman Pass',733),(647,2020647,91501,'46646454','Tina Allissa','Nuschke Pearson','apearson52@jiathis.com','274-123-929','https://librenoticias.com/wp-content/uploads/2020/08/default-user-image.png','56169 Saint Paul Park',313),(648,2020648,29211,'57871821','Ichabod Martainn','O\' Sullivan Spykings','mspykings2n@spotify.com','571-959-615','https://librenoticias.com/wp-content/uploads/2020/08/default-user-image.png','1 Eastwood Lane',572),(649,2020649,10802,'70077953','Margaux Tory','O\'Beirne Allpress','tallpressmc@technorati.com','958-513-133','https://librenoticias.com/wp-content/uploads/2020/08/default-user-image.png','30559 Bayside Park',402),(650,2020650,42595,'38567424','Georgeanne Anica','O\'Breen Knoller','aknollerfb@tinyurl.com','268-168-279','https://librenoticias.com/wp-content/uploads/2020/08/default-user-image.png','7 Everett Junction',483),(651,2020651,24758,'40798042','Tiffanie Emmalee','O\'Day Mullinder','emullinder5u@npr.org','975-638-456','https://librenoticias.com/wp-content/uploads/2020/08/default-user-image.png','9787 Tomscot Pass',382),(652,2020652,59585,'50225123','Cassius Field','O\'Dwyer Braywood','fbraywood1t@soundcloud.com','786-970-859','https://librenoticias.com/wp-content/uploads/2020/08/default-user-image.png','59 Elka Circle',1036),(653,2020653,3219,'43518510','Audrye Marylynne','O\'Mailey Griston','mgriston8n@feedburner.com','261-759-951','https://librenoticias.com/wp-content/uploads/2020/08/default-user-image.png','211 Cottonwood Lane',622),(654,2020654,26742,'91996321','Luz Anna-diana','O\'Neary Denziloe','adenziloej@facebook.com','678-408-166','https://librenoticias.com/wp-content/uploads/2020/08/default-user-image.png','56 Luster Way',950),(655,2020655,21597,'22757299','Lennard Dun','O\'Shevlin Koubek','dkoubek23@nasa.gov','947-799-478','https://librenoticias.com/wp-content/uploads/2020/08/default-user-image.png','2046 Jackson Terrace',785),(656,2020656,49393,'85587210','Briant Jerald','Oldknow Waye','jwayeq2@trellian.com','423-891-443','https://librenoticias.com/wp-content/uploads/2020/08/default-user-image.png','475 Brickson Park Park',258),(657,2020657,24967,'12535252','Teddy Perice','Oldland Dunbobbin','pdunbobbini3@free.fr','878-219-990','https://librenoticias.com/wp-content/uploads/2020/08/default-user-image.png','360 Springview Junction',894),(658,2020658,85504,'26298744','Bryana Mavra','Olkowicz Kinsley','mkinsleykx@scientificamerican.com','937-928-719','https://librenoticias.com/wp-content/uploads/2020/08/default-user-image.png','2 Bartelt Parkway',480),(659,2020659,11982,'77683447','Halsy Merrel','Ollie Shevlin','mshevlin8c@liveinternet.ru','562-750-953','https://librenoticias.com/wp-content/uploads/2020/08/default-user-image.png','898 Spaight Place',356),(660,2020660,15379,'22627579','Grissel Brandy','Olyet Balden','bbaldenmq@jimdo.com','425-776-311','https://librenoticias.com/wp-content/uploads/2020/08/default-user-image.png','95 Northfield Road',715),(661,2020661,77443,'87056716','Lock Kendricks','Olyonov Sims','ksimsx@who.int','917-129-162','https://librenoticias.com/wp-content/uploads/2020/08/default-user-image.png','45 Valley Edge Trail',1076),(662,2020662,58530,'23922862','Corrinne Carissa','Oppy Rowth','crowthgi@canalblog.com','248-352-741','https://librenoticias.com/wp-content/uploads/2020/08/default-user-image.png','877 Butternut Road',638),(663,2020663,52942,'54715158','Bernette Ronnica','Orbine Lemm','rlemm3b@youtu.be','317-172-789','https://librenoticias.com/wp-content/uploads/2020/08/default-user-image.png','25 Crownhardt Lane',949),(664,2020664,73568,'33932687','Maisey Timi','Orth Danshin','tdanshinci@google.nl','851-456-761','https://librenoticias.com/wp-content/uploads/2020/08/default-user-image.png','01285 Maple Wood Hill',997),(665,2020665,88958,'75449468','Margarette Lida','Ortler Vasyagin','lvasyagin3o@ameblo.jp','941-804-745','https://librenoticias.com/wp-content/uploads/2020/08/default-user-image.png','7020 Novick Center',967),(666,2020666,88100,'63450619','Tadd Morten','Ossenna Bradd','mbradd1h@ca.gov','584-257-688','https://librenoticias.com/wp-content/uploads/2020/08/default-user-image.png','684 Straubel Parkway',90),(667,2020667,13259,'25902279','Yuri Artie','Oulett Lewinton','alewintonao@live.com','287-856-363','https://librenoticias.com/wp-content/uploads/2020/08/default-user-image.png','6 Farmco Alley',639),(668,2020668,87914,'63585851','Grady Walsh','Oulett Gallatly','wgallatlydh@twitter.com','209-799-703','https://librenoticias.com/wp-content/uploads/2020/08/default-user-image.png','032 Beilfuss Junction',460),(669,2020669,79305,'24899317','Prudence Kanya','Owlner Sopper','ksopperi7@bizjournals.com','885-840-657','https://librenoticias.com/wp-content/uploads/2020/08/default-user-image.png','615 Schmedeman Circle',1136),(670,2020670,98790,'24134339','Vassili Noel','Paddell Chese','nchese2k@altervista.org','764-916-776','https://librenoticias.com/wp-content/uploads/2020/08/default-user-image.png','0099 Summit Point',421),(671,2020671,26931,'82449998','Ann-marie Dorolisa','Paeckmeyer Hamblington','dhamblington8v@freewebs.com','167-160-238','https://librenoticias.com/wp-content/uploads/2020/08/default-user-image.png','76187 Donald Parkway',532),(672,2020672,86877,'94831990','Trevar Augy','Pakenham Thornbarrow','athornbarrow25@angelfire.com','532-791-546','https://librenoticias.com/wp-content/uploads/2020/08/default-user-image.png','06227 Mcguire Center',213),(673,2020673,15291,'65188093','Barny Rooney','Palia Kingzet','rkingzet7c@1688.com','609-912-267','https://librenoticias.com/wp-content/uploads/2020/08/default-user-image.png','7 Hazelcrest Place',629),(674,2020674,78939,'97266472','Nickolaus Alasdair','Paolazzi Oran','aoranmx@hatena.ne.jp','993-850-215','https://librenoticias.com/wp-content/uploads/2020/08/default-user-image.png','824 Northland Parkway',1253),(675,2020675,39060,'28392461','Nils Constantino','Paradyce Masterson','cmastersonj4@constantcontact.com','350-983-582','https://librenoticias.com/wp-content/uploads/2020/08/default-user-image.png','174 Gateway Way',817),(676,2020676,89556,'22360321','Marris Lexy','Pardi Wardrope','lwardropeh3@google.cn','644-274-238','https://librenoticias.com/wp-content/uploads/2020/08/default-user-image.png','2814 Walton Street',705),(677,2020677,77002,'96439847','Marybelle Cecelia','Parzis Littefair','clittefairm3@cmu.edu','580-879-739','https://librenoticias.com/wp-content/uploads/2020/08/default-user-image.png','5 Acker Circle',967),(678,2020678,25183,'52632949','Siobhan Claudina','Pasquale Feaveryear','cfeaveryeara7@fc2.com','230-459-753','https://librenoticias.com/wp-content/uploads/2020/08/default-user-image.png','5324 Coolidge Plaza',535),(679,2020679,9004,'10261905','Yorker Zebulon','Patchett Jerrold','zjerroldgu@buzzfeed.com','579-287-515','https://librenoticias.com/wp-content/uploads/2020/08/default-user-image.png','10774 Cody Junction',417),(680,2020680,54457,'11575737','Filberto Davy','Patterson Golagley','dgolagley58@nymag.com','526-727-993','https://librenoticias.com/wp-content/uploads/2020/08/default-user-image.png','47 Dexter Road',1311),(681,2020681,65623,'55086722','Venus Corenda','Pauel Haseman','chasemanqf@studiopress.com','151-672-307','https://librenoticias.com/wp-content/uploads/2020/08/default-user-image.png','012 Ridgeview Street',771),(682,2020682,82423,'11632638','Lindy Lettie','Pauletto Tann','ltannjy@elpais.com','551-875-712','https://librenoticias.com/wp-content/uploads/2020/08/default-user-image.png','92117 Lake View Court',925),(683,2020683,16451,'99708735','Gabriell Melodee','Pautard Geal','mgealag@sphinn.com','521-142-756','https://librenoticias.com/wp-content/uploads/2020/08/default-user-image.png','21 Southridge Terrace',651),(684,2020684,94644,'69385580','Bonnibelle Charlotta','Peart Wedgbrow','cwedgbrowpp@weebly.com','286-495-253','https://librenoticias.com/wp-content/uploads/2020/08/default-user-image.png','9679 Browning Crossing',1252),(685,2020685,54070,'25435996','Hilton Ward','Pecht Sawford','wsawfordjz@ucoz.ru','956-825-239','https://librenoticias.com/wp-content/uploads/2020/08/default-user-image.png','935 Lakewood Lane',604),(686,2020686,47802,'20179832','Dalton Symon','Pegram McIleen','smcileenlf@tiny.cc','612-134-509','https://librenoticias.com/wp-content/uploads/2020/08/default-user-image.png','730 Susan Drive',1211),(687,2020687,66959,'94904395','Huberto Waylin','Pendlebury Mair','wmair48@reverbnation.com','413-409-791','https://librenoticias.com/wp-content/uploads/2020/08/default-user-image.png','8 Packers Lane',497),(688,2020688,83979,'94021750','Gavin Tammy','Pendre Kesby','tkesbygn@cisco.com','339-916-919','https://librenoticias.com/wp-content/uploads/2020/08/default-user-image.png','992 Homewood Avenue',1071),(689,2020689,87530,'44386884','Jolyn Velma','Penhaleurack Maylin','vmaylinkb@ebay.com','825-574-175','https://librenoticias.com/wp-content/uploads/2020/08/default-user-image.png','7 Leroy Terrace',382),(690,2020690,51504,'59990531','Dannie Shelba','Penn Espadas','sespadasel@craigslist.org','133-335-600','https://librenoticias.com/wp-content/uploads/2020/08/default-user-image.png','210 Hansons Drive',233),(691,2020691,80093,'72484851','Elena Demetria','Pentony Ogilvie','dogilviepd@theglobeandmail.com','247-339-872','https://librenoticias.com/wp-content/uploads/2020/08/default-user-image.png','714 Heath Road',234),(692,2020692,14495,'10443509','Cory Sam','Peracco Ord','sordr9@weebly.com','881-962-684','https://librenoticias.com/wp-content/uploads/2020/08/default-user-image.png','17922 Texas Street',1169),(693,2020693,84596,'58321900','Helyn Malynda','Percy Greenan','mgreenank9@nbcnews.com','896-726-899','https://librenoticias.com/wp-content/uploads/2020/08/default-user-image.png','6527 Sunfield Street',784),(694,2020694,36206,'35727058','Zelig Mitchell','Perrigo Ellacombe','mellacombenh@lycos.com','803-304-961','https://librenoticias.com/wp-content/uploads/2020/08/default-user-image.png','96 Portage Park',277),(695,2020695,78951,'77009820','Dun Porty','Perritt Cassius','pcassiusbm@kickstarter.com','642-557-510','https://librenoticias.com/wp-content/uploads/2020/08/default-user-image.png','06 Butterfield Parkway',1102),(696,2020696,54312,'91405644','Georgeanna Vivianne','Pescud Heaviside','vheavisideds@mlb.com','755-549-968','https://librenoticias.com/wp-content/uploads/2020/08/default-user-image.png','8722 Badeau Pass',986),(697,2020697,42369,'34846565','Irvine Leonerd','Pethrick Lanceter','llanceterho@paypal.com','636-808-770','https://librenoticias.com/wp-content/uploads/2020/08/default-user-image.png','311 Loftsgordon Plaza',539),(698,2020698,48757,'32804984','Herman Lorenzo','Petric Charlton','lcharlton84@cornell.edu','735-276-369','https://librenoticias.com/wp-content/uploads/2020/08/default-user-image.png','7 Oneill Plaza',699),(699,2020699,89802,'60000464','Frederich Baillie','Petrov Mathey','bmathey7o@cocolog-nifty.com','159-315-345','https://librenoticias.com/wp-content/uploads/2020/08/default-user-image.png','8 Superior Crossing',1248),(700,2020700,46631,'10955929','Wilfred Franciskus','Petrovsky Coupar','fcoupar2c@about.me','622-894-469','https://librenoticias.com/wp-content/uploads/2020/08/default-user-image.png','05 Scofield Street',725),(701,2020701,84581,'37606633','Bail Fabe','Petz Veltmann','fveltmann55@paginegialle.it','929-119-178','https://librenoticias.com/wp-content/uploads/2020/08/default-user-image.png','96 Rieder Point',330),(702,2020702,19670,'71002277','Arielle Libbi','Phalp Tugman','ltugman7y@fema.gov','962-254-257','https://librenoticias.com/wp-content/uploads/2020/08/default-user-image.png','8151 Starling Court',21),(703,2020703,65913,'75176733','Grace Charmain','Pharaoh Palmer','cpalmerp1@wiley.com','854-706-503','https://librenoticias.com/wp-content/uploads/2020/08/default-user-image.png','9 Coleman Hill',1075),(704,2020704,35356,'71154337','Johny Darrel','Phebey Bachanski','dbachanskikp@admin.ch','759-867-984','https://librenoticias.com/wp-content/uploads/2020/08/default-user-image.png','0089 Vera Plaza',1172),(705,2020705,7775,'75296149','Zollie Micheal','Philippault Sclanders','msclanders59@bloglines.com','618-567-996','https://librenoticias.com/wp-content/uploads/2020/08/default-user-image.png','83533 Oxford Hill',625),(706,2020706,71739,'56331469','Delano Shell','Philippault Cowins','scowinsl6@ameblo.jp','549-604-399','https://librenoticias.com/wp-content/uploads/2020/08/default-user-image.png','5097 Dahle Plaza',292),(707,2020707,53602,'11548264','Davon Temple','Piens Keoghan','tkeoghannf@xing.com','352-644-494','https://librenoticias.com/wp-content/uploads/2020/08/default-user-image.png','847 Transport Center',967),(708,2020708,39745,'70845906','Clayborne Alessandro','Pietasch Gosnall','agosnallkr@edublogs.org','826-737-612','https://librenoticias.com/wp-content/uploads/2020/08/default-user-image.png','87 Granby Parkway',273),(709,2020709,30684,'29327409','Jose Tristan','Piffe Jonsson','tjonssonn3@ameblo.jp','991-839-147','https://librenoticias.com/wp-content/uploads/2020/08/default-user-image.png','26 Alpine Road',879),(710,2020710,72230,'27203787','Herschel Wolfy','Pinkard Tunna','wtunna5m@cbslocal.com','681-348-902','https://librenoticias.com/wp-content/uploads/2020/08/default-user-image.png','277 Ohio Alley',1038),(711,2020711,93630,'71446538','Carly Ailbert','Pinner Vescovo','avescovob8@ox.ac.uk','844-795-986','https://librenoticias.com/wp-content/uploads/2020/08/default-user-image.png','1 Westridge Point',300),(712,2020712,23668,'96143193','Gayelord Glenn','Pinniger McCool','gmccoolmo@indiatimes.com','109-608-546','https://librenoticias.com/wp-content/uploads/2020/08/default-user-image.png','19604 Northfield Street',1193),(713,2020713,43527,'50943487','Stephen Pepe','Pippard Solleme','psollemenb@oracle.com','373-429-903','https://librenoticias.com/wp-content/uploads/2020/08/default-user-image.png','6105 Linden Road',571),(714,2020714,72284,'11066683','Aviva Pam','Pirri Barrowclough','pbarrowcloughdl@washingtonpost.com','208-607-345','https://librenoticias.com/wp-content/uploads/2020/08/default-user-image.png','15 Summer Ridge Street',543),(715,2020715,13859,'17502819','Prissie Celie','Piscopello Yurkevich','cyurkevichc4@cbslocal.com','543-349-679','https://librenoticias.com/wp-content/uploads/2020/08/default-user-image.png','6902 Schurz Lane',1087),(716,2020716,39428,'69298949','Christiane Wanids','Piser Ferrai','wferraiih@surveymonkey.com','779-950-442','https://librenoticias.com/wp-content/uploads/2020/08/default-user-image.png','1709 Maryland Lane',1424),(717,2020717,86215,'22647605','Khalil Elias','Pistol Ephgrave','eephgrave37@sciencedirect.com','533-296-955','https://librenoticias.com/wp-content/uploads/2020/08/default-user-image.png','209 Forest Dale Terrace',637),(718,2020718,52136,'61971582','Marlowe Shalom','Pitchford Seale','sseale2h@npr.org','734-271-817','https://librenoticias.com/wp-content/uploads/2020/08/default-user-image.png','8 Butterfield Trail',1163),(719,2020719,12971,'16432702','Christa Joellen','Pittendreigh Winstone','jwinstonega@xing.com','767-657-148','https://librenoticias.com/wp-content/uploads/2020/08/default-user-image.png','3381 Coolidge Avenue',925),(720,2020720,38499,'16680332','Stanton Dionisio','Pitts Renackowna','drenackownafm@reverbnation.com','840-660-814','https://librenoticias.com/wp-content/uploads/2020/08/default-user-image.png','7 Sutherland Crossing',1360),(721,2020721,83131,'83605912','Malinde Darlene','Plait Giraudat','dgiraudatma@squidoo.com','145-975-376','https://librenoticias.com/wp-content/uploads/2020/08/default-user-image.png','901 Utah Hill',1183),(722,2020722,9209,'84582590','Erminie Ilse','Poate Alvarado','ialvaradob9@oakley.com','901-653-429','https://librenoticias.com/wp-content/uploads/2020/08/default-user-image.png','45469 Ruskin Road',286),(723,2020723,17098,'55863765','Joannes Rikki','Pohling Cronchey','rcroncheygz@typepad.com','470-611-559','https://librenoticias.com/wp-content/uploads/2020/08/default-user-image.png','484 Redwing Court',365),(724,2020724,15143,'37612537','Courtney Guillermo','Polhill Hundal','ghundale7@indiatimes.com','343-920-752','https://librenoticias.com/wp-content/uploads/2020/08/default-user-image.png','49225 Bellgrove Road',286),(725,2020725,35780,'85734706','Georgy Lambert','Popplewell Goode','lgooden1@wikispaces.com','830-342-236','https://librenoticias.com/wp-content/uploads/2020/08/default-user-image.png','6729 Dryden Point',197),(726,2020726,47835,'33635061','Benetta Davida','Posselwhite Roughey','droughey75@tumblr.com','304-915-264','https://librenoticias.com/wp-content/uploads/2020/08/default-user-image.png','33704 Burning Wood Point',1363),(727,2020727,50584,'62079929','Giacobo Linoel','Postans Edwicker','ledwickerew@sbwire.com','793-214-773','https://librenoticias.com/wp-content/uploads/2020/08/default-user-image.png','38514 Dayton Avenue',1304),(728,2020728,84519,'51179659','Kristina Margery','Povall Tidbold','mtidboldie@arizona.edu','287-407-238','https://librenoticias.com/wp-content/uploads/2020/08/default-user-image.png','14758 Orin Drive',254),(729,2020729,55842,'30165261','Cristin Bernetta','Pow Petrollo','bpetrollo9p@vk.com','285-702-268','https://librenoticias.com/wp-content/uploads/2020/08/default-user-image.png','66213 Veith Pass',1375),(730,2020730,9061,'48140065','Maurice Ashlin','Powelee Milsted','amilstedn7@ed.gov','422-988-267','https://librenoticias.com/wp-content/uploads/2020/08/default-user-image.png','86 Daystar Way',1267),(731,2020731,36698,'89032019','Walliw Olenka','Powley Iacovaccio','oiacovacciofz@furl.net','731-880-545','https://librenoticias.com/wp-content/uploads/2020/08/default-user-image.png','3416 Express Pass',147),(732,2020732,59812,'41861092','Jocelyne Ailey','Poyser Spirritt','aspirritt30@csmonitor.com','361-239-182','https://librenoticias.com/wp-content/uploads/2020/08/default-user-image.png','2381 Bashford Terrace',885),(733,2020733,71049,'17074023','Berny Bill','Pozzi Bunch','bbunchok@nhs.uk','402-428-758','https://librenoticias.com/wp-content/uploads/2020/08/default-user-image.png','7517 Service Drive',800),(734,2020734,99976,'74842451','Katrinka Willyt','Prati Yitzhok','wyitzhoknu@devhub.com','273-595-383','https://librenoticias.com/wp-content/uploads/2020/08/default-user-image.png','17 Calypso Way',1177),(735,2020735,82222,'47376120','Pincus Dalli','Pressnell Bly','dblyp@cnbc.com','941-654-823','https://librenoticias.com/wp-content/uploads/2020/08/default-user-image.png','236 Starling Crossing',415),(736,2020736,63013,'69986927','Sax Ruprecht','Priddy Primett','rprimettu@latimes.com','809-832-855','https://librenoticias.com/wp-content/uploads/2020/08/default-user-image.png','3 Ridgeview Trail',199),(737,2020737,92409,'48335936','Ricardo Caz','Priddy Flag','cflagey@webeden.co.uk','292-615-466','https://librenoticias.com/wp-content/uploads/2020/08/default-user-image.png','447 Oakridge Alley',108),(738,2020738,22379,'81234330','Cortney Mallorie','Priestman McGahern','mmcgahernh0@mac.com','813-785-825','https://librenoticias.com/wp-content/uploads/2020/08/default-user-image.png','862 Union Drive',129),(739,2020739,59444,'87379846','Lishe Becki','Probyn Behling','bbehling2r@chronoengine.com','796-462-397','https://librenoticias.com/wp-content/uploads/2020/08/default-user-image.png','95648 Schurz Alley',404),(740,2020740,44903,'47353994','Guthrie Conant','Pudge Marquess','cmarquessf9@apache.org','160-163-445','https://librenoticias.com/wp-content/uploads/2020/08/default-user-image.png','8 Parkside Point',751),(741,2020741,68737,'12382677','Daisie Inga','Pughe Webborn','iwebbornnn@mozilla.com','880-611-162','https://librenoticias.com/wp-content/uploads/2020/08/default-user-image.png','89 Lillian Street',912),(742,2020742,66556,'40847337','Danica Illa','Pulteneye Batstone','ibatstone3j@wufoo.com','317-374-783','https://librenoticias.com/wp-content/uploads/2020/08/default-user-image.png','3370 Fremont Avenue',1416),(743,2020743,68588,'95886325','Sherwin Hamnet','Purcell Aindrais','haindraisk4@bbb.org','896-632-986','https://librenoticias.com/wp-content/uploads/2020/08/default-user-image.png','3321 Waubesa Plaza',1435),(744,2020744,18900,'49431222','Vite Bil','Purrier Burl','bburl8d@sphinn.com','649-210-417','https://librenoticias.com/wp-content/uploads/2020/08/default-user-image.png','6 Gerald Court',43),(745,2020745,92307,'76492395','Francesca Kacie','Purse Gilliatt','kgilliatt56@scribd.com','901-843-591','https://librenoticias.com/wp-content/uploads/2020/08/default-user-image.png','49916 Onsgard Avenue',335),(746,2020746,10849,'44013724','Bella Bird','Puttan Alman','balman3i@booking.com','515-953-245','https://librenoticias.com/wp-content/uploads/2020/08/default-user-image.png','98 Clyde Gallagher Circle',458),(747,2020747,54843,'33032627','Allie Joelie','Python Lummus','jlummus5p@ihg.com','924-859-207','https://librenoticias.com/wp-content/uploads/2020/08/default-user-image.png','30 Independence Hill',800),(748,2020748,22483,'71814334','Dexter Alphonse','Qualtro Charlo','acharloom@mapy.cz','382-866-566','https://librenoticias.com/wp-content/uploads/2020/08/default-user-image.png','19570 Larry Court',1360),(749,2020749,91344,'10592471','Adiana Delcina','Quarrell Wawer','dwawer2x@senate.gov','308-554-942','https://librenoticias.com/wp-content/uploads/2020/08/default-user-image.png','261 Lakeland Point',800),(750,2020750,94355,'37497938','Stoddard Angel','Quarry Grigoriscu','agrigoriscu2u@bbc.co.uk','576-329-822','https://librenoticias.com/wp-content/uploads/2020/08/default-user-image.png','734 Northwestern Court',1447),(751,2020751,59533,'92914153','Ilsa Dolly','Quene Troyes','dtroyes4k@yandex.ru','699-274-193','https://librenoticias.com/wp-content/uploads/2020/08/default-user-image.png','05560 Cottonwood Place',818),(752,2020752,29860,'68895145','Athena Kellie','Quinn Dow','kdowhz@narod.ru','201-111-878','https://librenoticias.com/wp-content/uploads/2020/08/default-user-image.png','04 Katie Drive',160),(753,2020753,18220,'16692318','Pernell Durward','Rabbitts Blazejewski','dblazejewskiet@npr.org','217-913-732','https://librenoticias.com/wp-content/uploads/2020/08/default-user-image.png','33 Stone Corner Junction',1112),(754,2020754,15501,'54178683','Burgess Sammy','Raddan Marfield','smarfield3e@github.com','781-825-530','https://librenoticias.com/wp-content/uploads/2020/08/default-user-image.png','05871 Algoma Hill',316),(755,2020755,95150,'87911207','De witt Wood','Radenhurst Baugham','wbaugham64@constantcontact.com','651-153-322','https://librenoticias.com/wp-content/uploads/2020/08/default-user-image.png','9 Morrow Junction',586),(756,2020756,62546,'60289807','Gerek Cello','Rainon Oneil','coneil6x@hud.gov','844-121-320','https://librenoticias.com/wp-content/uploads/2020/08/default-user-image.png','38 Farragut Drive',942),(757,2020757,1219,'29143499','Gabriele Lukas','Randle Basketfield','lbasketfieldk6@people.com.cn','930-178-215','https://librenoticias.com/wp-content/uploads/2020/08/default-user-image.png','04 Vidon Way',1402),(758,2020758,70874,'82398298','Paddy Reinaldos','Rany Bruyett','rbruyett5a@domainmarket.com','556-445-498','https://librenoticias.com/wp-content/uploads/2020/08/default-user-image.png','43 Loeprich Street',1020),(759,2020759,28059,'29616620','Neil Fraser','Rapper Twinbourne','ftwinbourneki@diigo.com','406-982-378','https://librenoticias.com/wp-content/uploads/2020/08/default-user-image.png','7035 Donald Plaza',980),(760,2020760,73059,'89460933','Vonni Constantine','Rasper Lippard','clippardre@yellowpages.com','785-351-555','https://librenoticias.com/wp-content/uploads/2020/08/default-user-image.png','4249 Thompson Court',1437),(761,2020761,63761,'45659554','Jonell Leeanne','Raun Viollet','lviolletck@princeton.edu','140-935-452','https://librenoticias.com/wp-content/uploads/2020/08/default-user-image.png','60 Esch Crossing',1389),(762,2020762,16254,'15501400','Taddeusz Berty','Ravilious Ghest','bghest28@google.nl','940-226-613','https://librenoticias.com/wp-content/uploads/2020/08/default-user-image.png','7 Shopko Avenue',82),(763,2020763,38351,'60850970','Fairlie Hoebart','Raysdale Copo','hcopojp@si.edu','526-627-476','https://librenoticias.com/wp-content/uploads/2020/08/default-user-image.png','1830 Lindbergh Point',86),(764,2020764,18273,'34543698','Reyna Dulciana','Razzell Conechie','dconechiedr@taobao.com','383-319-579','https://librenoticias.com/wp-content/uploads/2020/08/default-user-image.png','9465 Vahlen Drive',1093),(765,2020765,54235,'84785586','Teresita Theresita','Reason Cashin','tcashinp8@java.com','882-616-298','https://librenoticias.com/wp-content/uploads/2020/08/default-user-image.png','551 Maryland Terrace',445),(766,2020766,55906,'71002948','Sibelle Jerrylee','Reddyhoff Phythean','jphythean57@craigslist.org','904-591-247','https://librenoticias.com/wp-content/uploads/2020/08/default-user-image.png','8638 East Point',496),(767,2020767,59633,'30905172','Town Hershel','Redwood Morando','hmorandonp@google.com.hk','740-333-363','https://librenoticias.com/wp-content/uploads/2020/08/default-user-image.png','5 Emmet Trail',747),(768,2020768,20843,'65964611','Asia Rakel','Reightley Lempke','rlempker1@tmall.com','750-592-286','https://librenoticias.com/wp-content/uploads/2020/08/default-user-image.png','3 Rigney Parkway',402),(769,2020769,16935,'10482110','Ashby Martin','Reihm Kemble','mkembleic@dailymotion.com','864-316-880','https://librenoticias.com/wp-content/uploads/2020/08/default-user-image.png','5965 Riverside Road',954),(770,2020770,47517,'90532559','Callida Merline','Renbold Mungin','mmungingx@constantcontact.com','546-132-524','https://librenoticias.com/wp-content/uploads/2020/08/default-user-image.png','19722 Cardinal Lane',480),(771,2020771,92476,'37498567','Hamlin Burk','Revie Bewfield','bbewfieldm@ning.com','937-628-166','https://librenoticias.com/wp-content/uploads/2020/08/default-user-image.png','37 Cottonwood Trail',727),(772,2020772,30762,'54735860','Humphrey Aylmar','Reynoollds Paladini','apaladiniq9@csmonitor.com','460-627-740','https://librenoticias.com/wp-content/uploads/2020/08/default-user-image.png','1926 Pond Terrace',1167),(773,2020773,72708,'29175409','Patricio Rancell','Rhodus Pauletto','rpaulettofh@springer.com','566-313-808','https://librenoticias.com/wp-content/uploads/2020/08/default-user-image.png','16 Fairview Junction',134),(774,2020774,89363,'91284179','Dedra Bertie','Ribbon Duchesne','bduchesnecr@hostgator.com','686-295-737','https://librenoticias.com/wp-content/uploads/2020/08/default-user-image.png','660 Onsgard Crossing',1383),(775,2020775,73821,'78520284','Gallard Delmer','Ricardin Odams','dodamsnv@mozilla.org','317-108-810','https://librenoticias.com/wp-content/uploads/2020/08/default-user-image.png','2 Division Crossing',461),(776,2020776,85586,'61692008','Carson Loren','Richards Syvret','lsyvretku@ihg.com','761-199-165','https://librenoticias.com/wp-content/uploads/2020/08/default-user-image.png','173 Katie Lane',285),(777,2020777,98327,'89344935','Auroora Consuela','Richardt Gimbart','cgimbartb@elpais.com','144-881-784','https://librenoticias.com/wp-content/uploads/2020/08/default-user-image.png','337 Manufacturers Trail',999),(778,2020778,71550,'25286607','Riccardo Tucker','Richmont Vanichkov','tvanichkovi5@ycombinator.com','607-516-877','https://librenoticias.com/wp-content/uploads/2020/08/default-user-image.png','21704 Esch Lane',1108),(779,2020779,47451,'39241082','Kasper Ringo','Rickwood Mapletoft','rmapletoftfw@guardian.co.uk','282-310-765','https://librenoticias.com/wp-content/uploads/2020/08/default-user-image.png','306 Rockefeller Court',1247),(780,2020780,68379,'11280712','Minda Jeane','Rief Spilling','jspilling77@hc360.com','793-786-406','https://librenoticias.com/wp-content/uploads/2020/08/default-user-image.png','6 Mayer Place',549),(781,2020781,1330,'84994489','Dalston Trent','Riseborough Faunch','tfauncheb@yellowbook.com','459-743-939','https://librenoticias.com/wp-content/uploads/2020/08/default-user-image.png','01 Declaration Parkway',1220),(782,2020782,17421,'18543853','Marlene Aggy','Rishbrook Fairley','afairleyp3@sohu.com','428-862-885','https://librenoticias.com/wp-content/uploads/2020/08/default-user-image.png','680 Magdeline Drive',504),(783,2020783,91209,'11068294','Linette Adelaide','Roast Borrill','aborrill2g@home.pl','749-120-100','https://librenoticias.com/wp-content/uploads/2020/08/default-user-image.png','5508 Talmadge Junction',210),(784,2020784,43123,'33523218','Catie Lanae','Robathon Sawood','lsawoodon@furl.net','418-945-249','https://librenoticias.com/wp-content/uploads/2020/08/default-user-image.png','32 Evergreen Junction',1075),(785,2020785,43679,'65002086','Blair Randolf','Rodbourne Attew','rattew95@tiny.cc','269-386-203','https://librenoticias.com/wp-content/uploads/2020/08/default-user-image.png','5029 Fieldstone Parkway',869),(786,2020786,54782,'53328887','Paige Manolo','Rogerson Durrans','mdurransen@yellowpages.com','983-612-471','https://librenoticias.com/wp-content/uploads/2020/08/default-user-image.png','4 Becker Trail',1385),(787,2020787,96719,'40991624','Kennan Marv','Rolland Macauley','mmacauleym5@php.net','933-581-702','https://librenoticias.com/wp-content/uploads/2020/08/default-user-image.png','07304 Little Fleur Hill',946),(788,2020788,10374,'97227051','Herculie Malchy','Romagnosi Stidever','mstidever4b@prnewswire.com','279-837-719','https://librenoticias.com/wp-content/uploads/2020/08/default-user-image.png','40 Kensington Drive',2),(789,2020789,51837,'19830750','Ellissa Veda','Romaynes Goney','vgoney1l@123-reg.co.uk','761-440-367','https://librenoticias.com/wp-content/uploads/2020/08/default-user-image.png','14340 Prairie Rose Pass',125),(790,2020790,36082,'44174193','Euell Judon','Roscam Bednall','jbednalla6@google.fr','244-216-257','https://librenoticias.com/wp-content/uploads/2020/08/default-user-image.png','19 Hooker Avenue',1481),(791,2020791,68396,'48792120','Laetitia Ermina','Roscamp Letherbury','eletherbury9i@sitemeter.com','547-800-813','https://librenoticias.com/wp-content/uploads/2020/08/default-user-image.png','64875 Wayridge Road',1111),(792,2020792,74819,'25424581','Diane Mariele','Rose Lunnon','mlunnonnt@yellowpages.com','996-692-134','https://librenoticias.com/wp-content/uploads/2020/08/default-user-image.png','75 Fair Oaks Way',1072),(793,2020793,71029,'31540198','Dionne Tedi','Rosenau McRory','tmcroryrh@github.com','947-474-191','https://librenoticias.com/wp-content/uploads/2020/08/default-user-image.png','1733 Gerald Crossing',439),(794,2020794,61061,'35595108','Rawley Patric','Rosenwasser Omond','pomondkd@pcworld.com','871-596-398','https://librenoticias.com/wp-content/uploads/2020/08/default-user-image.png','27 Fairfield Parkway',1138),(795,2020795,29162,'27364517','Gorden Eamon','Rountree Heys','eheysex@storify.com','801-435-343','https://librenoticias.com/wp-content/uploads/2020/08/default-user-image.png','3 Quincy Terrace',600),(796,2020796,74929,'54439533','Maggee Daloris','Rozenzweig Annwyl','dannwylgs@netlog.com','170-441-735','https://librenoticias.com/wp-content/uploads/2020/08/default-user-image.png','8 Claremont Point',455),(797,2020797,65207,'70156002','Nata Cortney','Rubury Hunday','chunday2p@yahoo.com','739-668-957','https://librenoticias.com/wp-content/uploads/2020/08/default-user-image.png','3743 Pine View Lane',270),(798,2020798,2614,'43939722','Wandie Chloris','Ruddick Rousell','crousell34@angelfire.com','907-970-933','https://librenoticias.com/wp-content/uploads/2020/08/default-user-image.png','95128 Hoard Trail',260),(799,2020799,68184,'27301089','Mireille Ilene','Ruffey O\'Tuohy','iotuohybz@aboutads.info','921-648-468','https://librenoticias.com/wp-content/uploads/2020/08/default-user-image.png','090 Dawn Way',868),(800,2020800,16552,'68767738','Ali Karney','Ruler Kubasiewicz','kkubasiewiczb4@va.gov','622-952-411','https://librenoticias.com/wp-content/uploads/2020/08/default-user-image.png','686 Sheridan Plaza',855),(801,2020801,60594,'35983898','Dede Valentine','Rushbury Dunge','vdungepi@oakley.com','876-487-459','https://librenoticias.com/wp-content/uploads/2020/08/default-user-image.png','44361 Troy Court',1367),(802,2020802,34921,'27004775','Katerine Pippa','Ruske Boobyer','pboobyerbs@timesonline.co.uk','525-316-651','https://librenoticias.com/wp-content/uploads/2020/08/default-user-image.png','6 3rd Parkway',342),(803,2020803,1650,'55847745','Myra Delcine','Rust Braemer','dbraemer1g@phpbb.com','611-982-980','https://librenoticias.com/wp-content/uploads/2020/08/default-user-image.png','8 Evergreen Center',814),(804,2020804,2967,'92725247','Brnaba Arni','Ryder Oxburgh','aoxburghna@list-manage.com','313-367-698','https://librenoticias.com/wp-content/uploads/2020/08/default-user-image.png','7 Havey Court',621),(805,2020805,12712,'25035352','Dean Parker','Ryman Common','pcommon1y@typepad.com','155-881-790','https://librenoticias.com/wp-content/uploads/2020/08/default-user-image.png','20 Debra Parkway',678),(806,2020806,32908,'81749857','Perice Sylas','Ryman Stoll','sstollpj@moonfruit.com','634-247-507','https://librenoticias.com/wp-content/uploads/2020/08/default-user-image.png','118 Stephen Terrace',1298),(807,2020807,26849,'60996668','Hillary Ermin','Sabattier Headley','eheadleyqc@bing.com','100-362-125','https://librenoticias.com/wp-content/uploads/2020/08/default-user-image.png','87 Park Meadow Lane',785),(808,2020808,72378,'76453657','Kellen Cassandre','Saggs Boud','cboud1f@ycombinator.com','449-462-433','https://librenoticias.com/wp-content/uploads/2020/08/default-user-image.png','83370 Arrowood Junction',41),(809,2020809,75551,'86451021','Candis Jeralee','Saiz McGilroy','jmcgilroy62@ibm.com','911-265-403','https://librenoticias.com/wp-content/uploads/2020/08/default-user-image.png','7 Warrior Court',765),(810,2020810,46537,'96464836','Maurine Christen','Salisbury Catcheside','ccatchesidecs@buzzfeed.com','689-931-778','https://librenoticias.com/wp-content/uploads/2020/08/default-user-image.png','39 Melby Drive',886),(811,2020811,19495,'17049906','Marilin Stacia','Salvadori Trusler','strusler19@ebay.co.uk','213-583-546','https://librenoticias.com/wp-content/uploads/2020/08/default-user-image.png','9 Riverside Place',1198),(812,2020812,2943,'54598434','Adriaens Emalia','Sandyford Mosco','emoscok2@yandex.ru','135-491-953','https://librenoticias.com/wp-content/uploads/2020/08/default-user-image.png','50 Autumn Leaf Drive',1282),(813,2020813,89705,'69995663','Calhoun Allin','Sansum Ballinger','aballinger6i@fda.gov','674-394-597','https://librenoticias.com/wp-content/uploads/2020/08/default-user-image.png','2147 Eliot Park',602),(814,2020814,66853,'57261445','Silvanus Hamlin','Sattin Breton','hbretond3@people.com.cn','888-108-270','https://librenoticias.com/wp-content/uploads/2020/08/default-user-image.png','5725 Washington Point',889),(815,2020815,67207,'82027301','Pennie Raine','Savery Withinshaw','rwithinshaw1k@163.com','687-931-603','https://librenoticias.com/wp-content/uploads/2020/08/default-user-image.png','52673 Towne Terrace',396),(816,2020816,5299,'36114997','Gaven Lloyd','Scalia Corhard','lcorhardpw@spiegel.de','184-513-863','https://librenoticias.com/wp-content/uploads/2020/08/default-user-image.png','8380 Walton Center',421),(817,2020817,40887,'10181578','Callida Prue','Schimon Bristoe','pbristoebx@phpbb.com','184-568-108','https://librenoticias.com/wp-content/uploads/2020/08/default-user-image.png','11 Logan Crossing',1380),(818,2020818,75234,'86466918','Benny Marietta','Schruyers Langman','mlangmanc5@yandex.ru','191-577-723','https://librenoticias.com/wp-content/uploads/2020/08/default-user-image.png','80473 Green Ridge Road',1399),(819,2020819,77614,'45100178','Aggy Tory','Schustl Kimblen','tkimblence@twitpic.com','360-623-227','https://librenoticias.com/wp-content/uploads/2020/08/default-user-image.png','37263 Morning Circle',230),(820,2020820,28026,'15157349','Hube Abraham','Scotchbourouge Dashper','adashper9s@nifty.com','636-440-353','https://librenoticias.com/wp-content/uploads/2020/08/default-user-image.png','5 Clove Place',520),(821,2020821,5520,'51520725','Kane Rory','Scotford Micklem','rmicklemez@delicious.com','110-289-890','https://librenoticias.com/wp-content/uploads/2020/08/default-user-image.png','85207 Waubesa Street',984),(822,2020822,37566,'98340993','Falito Galvan','Scotsbrook Belli','gbellibt@hp.com','830-129-327','https://librenoticias.com/wp-content/uploads/2020/08/default-user-image.png','9482 Lillian Plaza',860),(823,2020823,96450,'18493605','Roderick Silvan','Scupham Insall','sinsalldq@aol.com','739-191-900','https://librenoticias.com/wp-content/uploads/2020/08/default-user-image.png','3 Truax Center',702),(824,2020824,50091,'55340232','Nils Decca','Scutter Simione','dsimionekq@zimbio.com','625-867-980','https://librenoticias.com/wp-content/uploads/2020/08/default-user-image.png','075 Cambridge Drive',742),(825,2020825,52974,'12782222','Nils Engelbert','Searight Febry','efebryp4@clickbank.net','657-355-186','https://librenoticias.com/wp-content/uploads/2020/08/default-user-image.png','96063 Columbus Center',746),(826,2020826,80268,'51005817','Duffy Barton','Seger Catterall','bcatterall6d@friendfeed.com','548-788-693','https://librenoticias.com/wp-content/uploads/2020/08/default-user-image.png','667 Boyd Circle',140),(827,2020827,21722,'68072112','Caralie Fawnia','Segeswoeth Aimeric','faimericju@google.nl','289-124-492','https://librenoticias.com/wp-content/uploads/2020/08/default-user-image.png','96 Comanche Court',1413),(828,2020828,4895,'25625461','Urban Kelby','Selcraig Pllu','kpllu7v@wikia.com','456-904-698','https://librenoticias.com/wp-content/uploads/2020/08/default-user-image.png','74 Everett Park',599),(829,2020829,47357,'43771107','Goddard Rod','Semens Neesam','rneesamkk@mayoclinic.com','423-697-205','https://librenoticias.com/wp-content/uploads/2020/08/default-user-image.png','716 Homewood Court',1306),(830,2020830,8834,'97218436','Skye Mortie','Sentinella Dike','mdiked9@redcross.org','969-884-760','https://librenoticias.com/wp-content/uploads/2020/08/default-user-image.png','0417 Colorado Point',1164),(831,2020831,2279,'75499789','Berkley Ennis','Shakesby Brudenell','ebrudenell8q@google.ca','383-407-427','https://librenoticias.com/wp-content/uploads/2020/08/default-user-image.png','669 Esch Terrace',956),(832,2020832,6735,'61724137','Wendi Lacie','Sheavills Patty','lpattyhg@unicef.org','238-560-756','https://librenoticias.com/wp-content/uploads/2020/08/default-user-image.png','032 Florence Terrace',809),(833,2020833,90498,'51234921','Galvin Leslie','Shenfisch Janoch','ljanochop@gravatar.com','970-362-435','https://librenoticias.com/wp-content/uploads/2020/08/default-user-image.png','94 Morrow Crossing',134),(834,2020834,95034,'58371862','Arlyne Zabrina','Sherwill Boothman','zboothmanlr@senate.gov','611-735-758','https://librenoticias.com/wp-content/uploads/2020/08/default-user-image.png','29552 Calypso Crossing',455),(835,2020835,96550,'40673424','Lewie Barret','Shillaker Diess','bdiessdf@linkedin.com','547-897-683','https://librenoticias.com/wp-content/uploads/2020/08/default-user-image.png','80640 Cascade Center',784),(836,2020836,86510,'95941017','Ardelle Clareta','Shovlar Ganter','cganterlg@sohu.com','426-344-471','https://librenoticias.com/wp-content/uploads/2020/08/default-user-image.png','234 Oneill Plaza',1296),(837,2020837,15470,'30625082','Vivienne Annie','Sibbert Samme','asammed6@phpbb.com','198-171-342','https://librenoticias.com/wp-content/uploads/2020/08/default-user-image.png','983 Holmberg Place',413),(838,2020838,16629,'50123439','Claudius Emmet','Sibthorp Crumbie','ecrumbie8i@wsj.com','118-264-834','https://librenoticias.com/wp-content/uploads/2020/08/default-user-image.png','2493 2nd Point',5),(839,2020839,92433,'53105356','Suzy Consolata','Sibun Mellmoth','cmellmoth8j@wikipedia.org','450-930-267','https://librenoticias.com/wp-content/uploads/2020/08/default-user-image.png','37795 Mifflin Point',335),(840,2020840,25151,'62923095','Akim Stillman','Sipson Swindall','sswindall4s@dailymail.co.uk','264-302-155','https://librenoticias.com/wp-content/uploads/2020/08/default-user-image.png','03 Bowman Park',57),(841,2020841,25436,'97349389','Blayne Will','Sketh Friatt','wfriattl8@reddit.com','845-169-409','https://librenoticias.com/wp-content/uploads/2020/08/default-user-image.png','2 Sommers Street',1112),(842,2020842,60882,'92418609','Eula Dody','Skewes Welbourn','dwelbournnr@msn.com','296-589-138','https://librenoticias.com/wp-content/uploads/2020/08/default-user-image.png','32 Orin Junction',1419),(843,2020843,79189,'44324872','Gallagher Randall','Skilbeck Bebis','rbebis3z@wix.com','968-982-785','https://librenoticias.com/wp-content/uploads/2020/08/default-user-image.png','7163 Jenna Junction',1302),(844,2020844,58475,'97760844','Amory Early','Skirlin Gianni','egianni70@newsvine.com','332-941-532','https://librenoticias.com/wp-content/uploads/2020/08/default-user-image.png','543 Troy Road',1029),(845,2020845,23743,'19539275','Janetta Meridith','Skitch Olennikov','molennikovfj@amazon.com','630-881-627','https://librenoticias.com/wp-content/uploads/2020/08/default-user-image.png','1324 Nelson Way',413),(846,2020846,31013,'30482070','Rustie Nate','Skitterel Rich','nrichpq@jalbum.net','900-870-594','https://librenoticias.com/wp-content/uploads/2020/08/default-user-image.png','085 Bunker Hill Parkway',284),(847,2020847,64409,'75436384','Heddi Willette','Skoggins Brevitt','wbrevitt4e@alexa.com','187-416-232','https://librenoticias.com/wp-content/uploads/2020/08/default-user-image.png','73 Hanson Place',1244),(848,2020848,98104,'88945804','Laird Gregor','Sleith Chagg','gchagg1w@cloudflare.com','113-615-973','https://librenoticias.com/wp-content/uploads/2020/08/default-user-image.png','519 Fisk Parkway',1449),(849,2020849,62038,'15799696','Bastien Rockwell','Slingsby Hourstan','rhourstan5f@usda.gov','432-447-352','https://librenoticias.com/wp-content/uploads/2020/08/default-user-image.png','12 Hoffman Crossing',823),(850,2020850,39442,'70672979','Fabiano Waldemar','Slowan Aronstam','waronstamo7@shutterfly.com','799-769-443','https://librenoticias.com/wp-content/uploads/2020/08/default-user-image.png','72 Oriole Center',479),(851,2020851,79357,'96749726','Glynda Edy','Smaling Trinkwon','etrinkwongg@yolasite.com','831-321-923','https://librenoticias.com/wp-content/uploads/2020/08/default-user-image.png','273 Corry Avenue',1333),(852,2020852,55643,'60299041','Greggory Lock','Smallshaw Featonby','lfeatonbyf0@canalblog.com','390-723-740','https://librenoticias.com/wp-content/uploads/2020/08/default-user-image.png','40156 International Street',1491),(853,2020853,89265,'20618329','Fancie Joscelin','Smythe Paver','jpaveree@about.me','915-771-992','https://librenoticias.com/wp-content/uploads/2020/08/default-user-image.png','2 Nobel Way',1391),(854,2020854,80979,'24654919','Giacomo Vassili','Snead Sigsworth','vsigsworthem@printfriendly.com','742-870-536','https://librenoticias.com/wp-content/uploads/2020/08/default-user-image.png','5759 Iowa Park',462),(855,2020855,22307,'59363592','Joceline Queenie','Snipe Simmgen','qsimmgenah@hatena.ne.jp','974-302-719','https://librenoticias.com/wp-content/uploads/2020/08/default-user-image.png','93 Corry Drive',653),(856,2020856,6183,'29205606','Lil Laina','Snowball Inett','linettrm@wordpress.org','901-398-893','https://librenoticias.com/wp-content/uploads/2020/08/default-user-image.png','47 Spaight Plaza',179),(857,2020857,47319,'61876422','Murvyn Merill','Somerville Gouldie','mgouldiekj@nyu.edu','464-261-205','https://librenoticias.com/wp-content/uploads/2020/08/default-user-image.png','357 Stang Alley',253),(858,2020858,54436,'31407167','June Cynde','Souten Heffer','chefferkz@theatlantic.com','797-670-808','https://librenoticias.com/wp-content/uploads/2020/08/default-user-image.png','31678 Gerald Hill',462),(859,2020859,14621,'16292444','Emerson Brose','Spadari Burchess','bburchessli@elegantthemes.com','885-785-680','https://librenoticias.com/wp-content/uploads/2020/08/default-user-image.png','9 Amoth Crossing',112),(860,2020860,28728,'86846356','Pauly Grantham','Sparkwill Corsan','gcorsan96@washingtonpost.com','740-856-719','https://librenoticias.com/wp-content/uploads/2020/08/default-user-image.png','5 Bay Alley',917),(861,2020861,97890,'10319172','Peri Babs','Spelwood Dayley','bdayleyq6@ca.gov','763-412-997','https://librenoticias.com/wp-content/uploads/2020/08/default-user-image.png','204 6th Lane',194),(862,2020862,51369,'21970433','Shoshanna Lou','Spencook Kenderdine','lkenderdinenw@msn.com','680-243-428','https://librenoticias.com/wp-content/uploads/2020/08/default-user-image.png','62597 Brown Plaza',681),(863,2020863,94708,'98039120','Bernadette Annaliese','Spendlove Stitson','astitsonbl@boston.com','564-670-142','https://librenoticias.com/wp-content/uploads/2020/08/default-user-image.png','145 Amoth Street',806),(864,2020864,13659,'61330525','Laurent Tyrone','Spillett Burnip','tburnip97@slashdot.org','216-676-425','https://librenoticias.com/wp-content/uploads/2020/08/default-user-image.png','913 Iowa Center',1484),(865,2020865,99327,'89709530','Karon Celestyn','Spilsted Belchem','cbelchem21@bizjournals.com','780-815-813','https://librenoticias.com/wp-content/uploads/2020/08/default-user-image.png','9 Lotheville Junction',441),(866,2020866,97919,'75811456','Inge Terrijo','Spinage Selley','tselleyqd@google.com','966-649-648','https://librenoticias.com/wp-content/uploads/2020/08/default-user-image.png','709 Artisan Terrace',424),(867,2020867,64194,'91507558','Malva Fifi','Spiteri Cahen','fcahen1a@indiatimes.com','661-194-475','https://librenoticias.com/wp-content/uploads/2020/08/default-user-image.png','32 Carioca Road',1125),(868,2020868,43975,'79651371','Kleon Dolph','Splevin Madden','dmadden9v@twitter.com','837-624-774','https://librenoticias.com/wp-content/uploads/2020/08/default-user-image.png','6 Sutteridge Park',860),(869,2020869,32853,'15192875','Alexia Pippa','Spong Youle','pyoulee2@ihg.com','993-800-301','https://librenoticias.com/wp-content/uploads/2020/08/default-user-image.png','10181 Sycamore Point',427),(870,2020870,2994,'42403328','Dun Wallace','Spread Ferrulli','wferrulliax@noaa.gov','245-537-332','https://librenoticias.com/wp-content/uploads/2020/08/default-user-image.png','8252 Northport Park',1496),(871,2020871,90502,'18121685','Olvan Sayre','Spring Antonignetti','santonignettiks@tripadvisor.com','148-759-544','https://librenoticias.com/wp-content/uploads/2020/08/default-user-image.png','9673 Gina Avenue',31),(872,2020872,99126,'40609938','Wes Boyd','Squelch Ellaway','bellawayec@is.gd','918-779-569','https://librenoticias.com/wp-content/uploads/2020/08/default-user-image.png','95 Donald Place',1445),(873,2020873,25776,'82062372','Reyna Agnesse','Stainfield Enefer','aeneferhj@lycos.com','631-727-820','https://librenoticias.com/wp-content/uploads/2020/08/default-user-image.png','979 Fallview Way',257),(874,2020874,74138,'29038382','Sayre Gualterio','Stallion Fleay','gfleay4i@skype.com','982-619-368','https://librenoticias.com/wp-content/uploads/2020/08/default-user-image.png','7 Karstens Court',958),(875,2020875,48268,'73227224','Patti Hildegarde','Standering Norster','hnorster3p@wiley.com','313-855-534','https://librenoticias.com/wp-content/uploads/2020/08/default-user-image.png','82 Lindbergh Lane',649),(876,2020876,95422,'11532723','Maryrose Roberta','Stansbury Gregol','rgregolb3@people.com.cn','644-443-361','https://librenoticias.com/wp-content/uploads/2020/08/default-user-image.png','292 Transport Court',1026),(877,2020877,19983,'18495966','Paule Orella','Stapleton Cuerdale','ocuerdalepm@so-net.ne.jp','131-924-114','https://librenoticias.com/wp-content/uploads/2020/08/default-user-image.png','32567 Cardinal Parkway',1139),(878,2020878,13081,'45434481','Gale Silva','Starsmeare Dach','sdachq5@amazon.com','692-635-497','https://librenoticias.com/wp-content/uploads/2020/08/default-user-image.png','46732 Sunnyside Trail',45),(879,2020879,81672,'17432827','Dianemarie Ronalda','Steinor Piperley','rpiperleyqz@bloglovin.com','211-192-186','https://librenoticias.com/wp-content/uploads/2020/08/default-user-image.png','1 Kingsford Terrace',1172),(880,2020880,1964,'68582362','Zebedee Milton','Steuart Rains','mrainsbc@geocities.jp','176-971-800','https://librenoticias.com/wp-content/uploads/2020/08/default-user-image.png','88424 La Follette Crossing',349),(881,2020881,83520,'74251974','Emmanuel Eugenius','Steynor Haseldine','ehaseldineqk@answers.com','557-511-625','https://librenoticias.com/wp-content/uploads/2020/08/default-user-image.png','40 Mcguire Circle',1109),(882,2020882,56267,'55692183','Lars Evelin','Stigers Wheelton','ewheeltonis@cdc.gov','210-357-342','https://librenoticias.com/wp-content/uploads/2020/08/default-user-image.png','9080 Gateway Pass',1440),(883,2020883,82565,'75932500','Ellwood Bron','Stoad Bride','bbridejw@indiatimes.com','904-966-175','https://librenoticias.com/wp-content/uploads/2020/08/default-user-image.png','7 Reinke Center',1003),(884,2020884,80158,'28025821','Jorey Brinn','Stoffer Godfray','bgodfrayaz@buzzfeed.com','899-427-611','https://librenoticias.com/wp-content/uploads/2020/08/default-user-image.png','66 Crowley Plaza',437),(885,2020885,21124,'28309836','Jobye Theda','Stolz Streeter','tstreeterqh@smugmug.com','663-124-638','https://librenoticias.com/wp-content/uploads/2020/08/default-user-image.png','4 Pennsylvania Alley',1471),(886,2020886,58917,'37412812','Kellsie Tarra','Stonbridge Basey','tbaseyf3@boston.com','967-614-269','https://librenoticias.com/wp-content/uploads/2020/08/default-user-image.png','1925 Springview Parkway',485),(887,2020887,55217,'94150275','Virge Mordecai','Straker Botterman','mbottermancm@woothemes.com','440-684-634','https://librenoticias.com/wp-content/uploads/2020/08/default-user-image.png','23 Dorton Point',968),(888,2020888,1038,'74908688','Corrie Vasilis','Straniero Keller','vkellerkl@goo.gl','689-470-385','https://librenoticias.com/wp-content/uploads/2020/08/default-user-image.png','65698 Green Ridge Place',729),(889,2020889,65074,'70848630','Rafael Jeremy','Strathearn Boylund','jboylundmw@fda.gov','410-991-137','https://librenoticias.com/wp-content/uploads/2020/08/default-user-image.png','41 Hovde Hill',143),(890,2020890,24262,'83781668','Perkin Lefty','Stratten Maberley','lmaberleyc0@quantcast.com','851-622-480','https://librenoticias.com/wp-content/uploads/2020/08/default-user-image.png','24160 Melody Hill',201),(891,2020891,44562,'87692262','Morna Patrice','Strawbridge Copins','pcopinsi4@people.com.cn','408-127-544','https://librenoticias.com/wp-content/uploads/2020/08/default-user-image.png','37513 Clemons Place',288),(892,2020892,36626,'57472205','Alberto Henderson','Strewthers Hebard','hhebard94@blogs.com','502-421-637','https://librenoticias.com/wp-content/uploads/2020/08/default-user-image.png','43 Talmadge Lane',332),(893,2020893,63455,'89395710','Dori Mina','Strowther Swallow','mswallow10@blinklist.com','154-224-501','https://librenoticias.com/wp-content/uploads/2020/08/default-user-image.png','512 Butterfield Lane',1204),(894,2020894,49563,'47432075','Siegfried Keven','Struys Whitefoot','kwhitefoot15@a8.net','641-232-656','https://librenoticias.com/wp-content/uploads/2020/08/default-user-image.png','83 Holy Cross Pass',1353),(895,2020895,41128,'61044301','Rosalie Lavina','Summerson Secombe','lsecombeqb@example.com','165-159-489','https://librenoticias.com/wp-content/uploads/2020/08/default-user-image.png','0520 Holmberg Avenue',492),(896,2020896,17500,'95059436','Jeddy Pyotr','Sutliff Knowles','pknowlesdp@earthlink.net','160-659-295','https://librenoticias.com/wp-content/uploads/2020/08/default-user-image.png','1333 Texas Street',71),(897,2020897,69855,'34799578','Lancelot Colman','Swaine Crevy','ccrevyk5@jigsy.com','236-614-103','https://librenoticias.com/wp-content/uploads/2020/08/default-user-image.png','9131 Loftsgordon Way',940),(898,2020898,55470,'67847020','Godart Emmery','Swanger Margrie','emargriehi@scribd.com','320-676-361','https://librenoticias.com/wp-content/uploads/2020/08/default-user-image.png','6679 Menomonie Center',1107),(899,2020899,75225,'86191442','Margery Berry','Sweetzer Guillard','bguillardp2@sina.com.cn','618-290-154','https://librenoticias.com/wp-content/uploads/2020/08/default-user-image.png','85267 Nancy Court',1305),(900,2020900,34872,'95403749','Coralyn Kassandra','Swettenham Skews','kskewsot@surveymonkey.com','998-241-286','https://librenoticias.com/wp-content/uploads/2020/08/default-user-image.png','3 Eastwood Trail',475),(901,2020901,63982,'97601573','Say Reider','Sword Filippucci','rfilippuccihr@google.fr','374-699-840','https://librenoticias.com/wp-content/uploads/2020/08/default-user-image.png','64925 Waxwing Pass',748),(902,2020902,41313,'22854800','Ermentrude Aggy','Talloe Gribbell','agribbell9j@apple.com','467-251-415','https://librenoticias.com/wp-content/uploads/2020/08/default-user-image.png','715 Northwestern Drive',194),(903,2020903,60426,'33037189','Giorgio Tuckie','Tapley Cauderlie','tcauderlief4@shareasale.com','405-350-325','https://librenoticias.com/wp-content/uploads/2020/08/default-user-image.png','95328 Basil Trail',644),(904,2020904,92619,'82945313','Wilt Stefano','Taunton Braunds','sbraundsht@dmoz.org','623-411-463','https://librenoticias.com/wp-content/uploads/2020/08/default-user-image.png','9513 Emmet Court',345),(905,2020905,9906,'81287087','Hildagarde Amandi','Taylder Eich','aeichlj@opensource.org','718-297-486','https://librenoticias.com/wp-content/uploads/2020/08/default-user-image.png','9 Carpenter Terrace',1294),(906,2020906,96720,'74869305','Jack Randy','Teas Mariet','rmarietob@odnoklassniki.ru','589-901-127','https://librenoticias.com/wp-content/uploads/2020/08/default-user-image.png','554 Namekagon Circle',129),(907,2020907,29382,'22121429','Brade Clementius','Tebbe Bly','cblymz@alexa.com','322-981-124','https://librenoticias.com/wp-content/uploads/2020/08/default-user-image.png','538 Cardinal Terrace',1297),(908,2020908,32115,'53137074','Adamo Jeromy','Tellenbrok O\'Kenny','jokenny2q@globo.com','385-756-512','https://librenoticias.com/wp-content/uploads/2020/08/default-user-image.png','3838 Garrison Court',698),(909,2020909,9376,'48858233','Lawry Ferdie','Temblett Fenemore','ffenemore7r@youtube.com','120-634-302','https://librenoticias.com/wp-content/uploads/2020/08/default-user-image.png','5 Northland Trail',1437),(910,2020910,31261,'69690044','Cyrille Artemas','Terbruggen Hurworth','ahurworthkf@google.com.hk','356-185-754','https://librenoticias.com/wp-content/uploads/2020/08/default-user-image.png','5 Roth Pass',669),(911,2020911,92423,'23761727','Vassili Sollie','Teresi Syvret','ssyvretba@mozilla.com','197-806-126','https://librenoticias.com/wp-content/uploads/2020/08/default-user-image.png','8 Melvin Parkway',449),(912,2020912,73082,'16010207','Jeri Kynthia','Thacke Rewan','krewanw@theguardian.com','253-853-136','https://librenoticias.com/wp-content/uploads/2020/08/default-user-image.png','5 Kings Junction',1341),(913,2020913,28560,'16932762','Davidde Cary','Thain Bartkiewicz','cbartkiewiczj0@vimeo.com','278-431-435','https://librenoticias.com/wp-content/uploads/2020/08/default-user-image.png','6369 Kim Terrace',1316),(914,2020914,80915,'81569972','Dunc Dalston','Thomsen Hambelton','dhambeltone0@hexun.com','448-935-503','https://librenoticias.com/wp-content/uploads/2020/08/default-user-image.png','2382 Hanover Point',1069),(915,2020915,38720,'80142631','Morten Guillaume','Threadkell Minchenton','gminchenton5o@ucoz.com','320-481-675','https://librenoticias.com/wp-content/uploads/2020/08/default-user-image.png','3525 Hintze Trail',631),(916,2020916,43864,'32839735','Kellina Dodi','Thurner Sunderland','dsunderland9b@chicagotribune.com','333-941-619','https://librenoticias.com/wp-content/uploads/2020/08/default-user-image.png','55499 3rd Alley',1140),(917,2020917,90623,'48516339','Pennie Cirstoforo','Tidey Griffith','cgriffith5q@seesaa.net','791-619-259','https://librenoticias.com/wp-content/uploads/2020/08/default-user-image.png','619 Fieldstone Street',169),(918,2020918,27648,'70748590','Kayla Roxie','Tinghill Sloane','rsloane3a@barnesandnoble.com','588-199-983','https://librenoticias.com/wp-content/uploads/2020/08/default-user-image.png','5125 Mitchell Alley',1240),(919,2020919,98868,'94590755','Aksel Alix','Tinsley Rooms','aroomsg9@nih.gov','824-204-419','https://librenoticias.com/wp-content/uploads/2020/08/default-user-image.png','27 Dottie Hill',727),(920,2020920,72330,'80998933','Zedekiah Nikolaos','Tixier Alessandone','nalessandonehm@nasa.gov','404-650-949','https://librenoticias.com/wp-content/uploads/2020/08/default-user-image.png','70 Maywood Center',1377),(921,2020921,7366,'68788674','Adams Carolus','Tolcher Sill','csillhs@odnoklassniki.ru','391-615-546','https://librenoticias.com/wp-content/uploads/2020/08/default-user-image.png','095 Di Loreto Lane',686),(922,2020922,28504,'28094468','Chevy Owen','Tollemache Rosenblad','orosenbladan@dion.ne.jp','501-302-339','https://librenoticias.com/wp-content/uploads/2020/08/default-user-image.png','4 Sutherland Drive',321),(923,2020923,36239,'33307261','Dianne Marlane','Tomaschke Hugli','mhuglipt@zimbio.com','685-530-656','https://librenoticias.com/wp-content/uploads/2020/08/default-user-image.png','4390 Melby Avenue',358),(924,2020924,94552,'68662712','Orin Godfrey','Tooze Turley','gturleynj@nationalgeographic.com','513-346-964','https://librenoticias.com/wp-content/uploads/2020/08/default-user-image.png','4 Oriole Crossing',1485),(925,2020925,8031,'82355737','Fara Minerva','Tourne Doonican','mdoonicanl5@cdc.gov','411-346-867','https://librenoticias.com/wp-content/uploads/2020/08/default-user-image.png','3127 Thackeray Street',1017),(926,2020926,92970,'73673155','Olivie Andeee','Trenholm Sunock','asunockk3@jalbum.net','559-619-854','https://librenoticias.com/wp-content/uploads/2020/08/default-user-image.png','41658 Laurel Street',1246),(927,2020927,43463,'82225494','Livvy Tina','Trenoweth Ducker','tduckergc@mediafire.com','907-126-802','https://librenoticias.com/wp-content/uploads/2020/08/default-user-image.png','392 Briar Crest Trail',1491),(928,2020928,57768,'93669126','Garrard Thom','Treppas Netherclift','tnetherclift46@bloglines.com','906-764-970','https://librenoticias.com/wp-content/uploads/2020/08/default-user-image.png','4937 Killdeer Court',1265),(929,2020929,14325,'54149989','Marthena Willabella','Trevains Cleef','wcleefcb@tinyurl.com','599-898-997','https://librenoticias.com/wp-content/uploads/2020/08/default-user-image.png','2 Mockingbird Crossing',497),(930,2020930,19373,'79042575','Kendricks Howard','Trevains McTeer','hmcteere3@joomla.org','598-379-170','https://librenoticias.com/wp-content/uploads/2020/08/default-user-image.png','15 Pearson Terrace',342),(931,2020931,61271,'80061477','Batholomew Bengt','Trinkwon Taaffe','btaaffeav@samsung.com','643-762-280','https://librenoticias.com/wp-content/uploads/2020/08/default-user-image.png','62465 Cambridge Street',1156),(932,2020932,58934,'28786677','Daisey Bari','Trippick Loade','bloadedk@examiner.com','768-876-776','https://librenoticias.com/wp-content/uploads/2020/08/default-user-image.png','2 Hooker Drive',917),(933,2020933,40596,'89521143','Allistir Hewet','Troake Wetwood','hwetwoodnq@unicef.org','747-654-586','https://librenoticias.com/wp-content/uploads/2020/08/default-user-image.png','032 Corben Alley',1486),(934,2020934,76079,'97184013','Boniface Eddy','Trolley Severn','esevernh@meetup.com','126-876-262','https://librenoticias.com/wp-content/uploads/2020/08/default-user-image.png','6 Basil Parkway',1154),(935,2020935,91032,'58457669','Ulrikaumeko Jodi','Trotton Soltan','jsoltan54@360.cn','832-230-728','https://librenoticias.com/wp-content/uploads/2020/08/default-user-image.png','0 Hollow Ridge Alley',843),(936,2020936,34833,'99371760','Keith Corey','Trudgion Bree','cbree1o@g.co','487-873-186','https://librenoticias.com/wp-content/uploads/2020/08/default-user-image.png','67 Hauk Pass',966),(937,2020937,46922,'12552021','Pascale Natale','Truelock Doree','ndoree5z@ihg.com','854-827-636','https://librenoticias.com/wp-content/uploads/2020/08/default-user-image.png','5 Vahlen Point',672),(938,2020938,89531,'64840640','Chico Klement','Trusslove Speedin','kspeedinhw@mac.com','522-135-608','https://librenoticias.com/wp-content/uploads/2020/08/default-user-image.png','54 Artisan Center',1374),(939,2020939,70145,'71003258','Care Mordecai','Tudge Pattemore','mpattemore92@discuz.net','251-428-515','https://librenoticias.com/wp-content/uploads/2020/08/default-user-image.png','8454 Anthes Center',498),(940,2020940,35481,'98157971','Norina Beitris','Turfitt Stranahan','bstranahanfi@sohu.com','348-263-563','https://librenoticias.com/wp-content/uploads/2020/08/default-user-image.png','898 Armistice Point',1118),(941,2020941,90908,'12231610','Chris Michel','Turvey Bamb','mbambor@ebay.com','545-909-796','https://librenoticias.com/wp-content/uploads/2020/08/default-user-image.png','2925 Daystar Pass',1218),(942,2020942,9706,'47191269','Ericha Kacy','Upstell Hazeldine','khazeldinem2@mashable.com','343-367-750','https://librenoticias.com/wp-content/uploads/2020/08/default-user-image.png','911 Spenser Park',384),(943,2020943,13636,'35354697','Laurens Gardner','Valenta Durn','gdurno2@xrea.com','832-379-421','https://librenoticias.com/wp-content/uploads/2020/08/default-user-image.png','7 Northridge Avenue',884),(944,2020944,37117,'78147654','Yard Daron','Valentim Oxbrow','doxbrow6p@addtoany.com','289-362-493','https://librenoticias.com/wp-content/uploads/2020/08/default-user-image.png','77952 Jana Hill',329),(945,2020945,5219,'76749131','Krishna Cletus','Van Castele Simeonov','csimeonovoz@icq.com','888-343-120','https://librenoticias.com/wp-content/uploads/2020/08/default-user-image.png','17 Dayton Avenue',652),(946,2020946,17043,'98863202','Frederic Garrik','Vaskov Syratt','gsyrattch@un.org','312-765-921','https://librenoticias.com/wp-content/uploads/2020/08/default-user-image.png','6 David Center',997),(947,2020947,42676,'51822758','Olin Woodie','Veevers Gann','wgann6o@hubpages.com','721-771-300','https://librenoticias.com/wp-content/uploads/2020/08/default-user-image.png','49 Manley Pass',71),(948,2020948,22461,'10108748','Daune Justinn','Verdon De la Eglise','jdelaeglisedg@4shared.com','864-415-290','https://librenoticias.com/wp-content/uploads/2020/08/default-user-image.png','6389 Muir Court',118),(949,2020949,71496,'92295353','Dominick Inger','Veryan Rulf','irulfnz@upenn.edu','308-466-627','https://librenoticias.com/wp-content/uploads/2020/08/default-user-image.png','0539 Graceland Plaza',22),(950,2020950,18267,'28070319','Fina Ansley','Vidgeon Woltering','awoltering9t@imdb.com','492-958-338','https://librenoticias.com/wp-content/uploads/2020/08/default-user-image.png','4 Shoshone Pass',253),(951,2020951,39963,'40624480','Tessa Sioux','Vila Hubbold','shubbold31@amazon.de','821-319-319','https://librenoticias.com/wp-content/uploads/2020/08/default-user-image.png','58443 Vidon Avenue',586),(952,2020952,39454,'22764734','Hesther Donelle','Vinker Pinching','dpinching4p@simplemachines.org','110-526-900','https://librenoticias.com/wp-content/uploads/2020/08/default-user-image.png','62 Thierer Road',1068),(953,2020953,49982,'13883552','Helli Jacynth','Volke Duell','jduellat@shop-pro.jp','515-953-493','https://librenoticias.com/wp-content/uploads/2020/08/default-user-image.png','25542 Hermina Pass',1132),(954,2020954,31751,'96742199','Katharine Dominga','Wabe Martinets','dmartinetsbo@aboutads.info','451-247-848','https://librenoticias.com/wp-content/uploads/2020/08/default-user-image.png','5 Maryland Park',455),(955,2020955,39669,'90910870','Lawton Matthieu','Wabe MacUchadair','mmacuchadairij@alexa.com','268-170-604','https://librenoticias.com/wp-content/uploads/2020/08/default-user-image.png','2825 Continental Point',760),(956,2020956,10866,'41411775','Alta Caryn','Wadwell Reglar','creglarak@bigcartel.com','945-771-984','https://librenoticias.com/wp-content/uploads/2020/08/default-user-image.png','44 Schurz Crossing',1379),(957,2020957,21807,'59024809','Pauly Eli','Walkingshaw Beri','eberiiy@statcounter.com','612-153-168','https://librenoticias.com/wp-content/uploads/2020/08/default-user-image.png','215 Clarendon Parkway',992),(958,2020958,83603,'14359868','Cullin Baxter','Walkley Yielding','byielding6g@tamu.edu','443-334-498','https://librenoticias.com/wp-content/uploads/2020/08/default-user-image.png','241 2nd Street',702),(959,2020959,45995,'93541414','Maren Lenna','Wallis Kirsopp','lkirsopppc@ifeng.com','419-694-622','https://librenoticias.com/wp-content/uploads/2020/08/default-user-image.png','5174 Loomis Trail',886),(960,2020960,26855,'83830739','Lammond Moise','Walpole Battill','mbattill8o@youtube.com','967-393-985','https://librenoticias.com/wp-content/uploads/2020/08/default-user-image.png','54632 Maple Place',1155),(961,2020961,95899,'97741129','Chen Webster','Wandtke Cattermole','wcattermoled@utexas.edu','716-209-293','https://librenoticias.com/wp-content/uploads/2020/08/default-user-image.png','60801 Little Fleur Court',1173),(962,2020962,48006,'14023052','Johann Donny','Wapple Abrashkov','dabrashkovlm@meetup.com','928-645-921','https://librenoticias.com/wp-content/uploads/2020/08/default-user-image.png','0 Anthes Way',1074),(963,2020963,17822,'52977815','Odelia Alex','Warters Miell','amiellro@dell.com','880-918-452','https://librenoticias.com/wp-content/uploads/2020/08/default-user-image.png','10971 Cottonwood Court',48),(964,2020964,93040,'68164398','Abbott Mahmoud','Waterhous Muriel','mmurielll@businessinsider.com','569-857-770','https://librenoticias.com/wp-content/uploads/2020/08/default-user-image.png','4 Columbus Plaza',299),(965,2020965,27835,'37098085','Lucienne Leeanne','Weddeburn - Scrimgeour Parades','lparadesf8@creativecommons.org','118-254-678','https://librenoticias.com/wp-content/uploads/2020/08/default-user-image.png','39854 Meadow Valley Junction',1432),(966,2020966,48369,'82758356','Malynda Sharron','Wedderburn Woolpert','swoolpert9@clickbank.net','646-791-842','https://librenoticias.com/wp-content/uploads/2020/08/default-user-image.png','7158 Browning Terrace',1208),(967,2020967,77296,'49783620','Rhody Rowe','Weeds Tern','rtern9d@taobao.com','453-537-254','https://librenoticias.com/wp-content/uploads/2020/08/default-user-image.png','02554 Colorado Circle',863),(968,2020968,42441,'87984098','Scarlett Nelli','Welburn Vickress','nvickressn9@seesaa.net','624-637-468','https://librenoticias.com/wp-content/uploads/2020/08/default-user-image.png','123 Dapin Plaza',46),(969,2020969,90511,'47557730','Merci Sarine','Werndly Clavey','sclaveymb@google.nl','767-707-510','https://librenoticias.com/wp-content/uploads/2020/08/default-user-image.png','8496 Rowland Junction',200),(970,2020970,81986,'64366686','Avery Darnall','Whardley Camin','dcaminjb@walmart.com','973-506-618','https://librenoticias.com/wp-content/uploads/2020/08/default-user-image.png','3877 La Follette Pass',134),(971,2020971,36906,'28282210','Jarrad Duffy','Whates Loftus','dloftusqv@cyberchimps.com','909-333-124','https://librenoticias.com/wp-content/uploads/2020/08/default-user-image.png','378 Brickson Park Lane',407),(972,2020972,58838,'29606062','Adah Maure','Wheadon Steddall','msteddall3y@mayoclinic.com','991-405-664','https://librenoticias.com/wp-content/uploads/2020/08/default-user-image.png','41261 Scoville Terrace',204),(973,2020973,91450,'34859278','Tommi Lynett','Whistan Leatt','lleatt65@1688.com','201-793-530','https://librenoticias.com/wp-content/uploads/2020/08/default-user-image.png','4905 Nelson Crossing',1072),(974,2020974,33554,'15083653','Jewell Danya','Whitebread Dewerson','ddewersonky@abc.net.au','883-632-304','https://librenoticias.com/wp-content/uploads/2020/08/default-user-image.png','2 Di Loreto Junction',426),(975,2020975,23553,'90501763','Alisha Ronda','Whitfeld Tyas','rtyasl0@tinypic.com','688-172-275','https://librenoticias.com/wp-content/uploads/2020/08/default-user-image.png','13 Superior Lane',733),(976,2020976,71696,'61229470','Mozelle Rebeca','Whitrod Lorente','rlorentem6@google.de','622-939-644','https://librenoticias.com/wp-content/uploads/2020/08/default-user-image.png','718 Evergreen Park',834),(977,2020977,40538,'87162493','Manon Ellen','Wickardt Willers','ewillers6w@army.mil','897-874-987','https://librenoticias.com/wp-content/uploads/2020/08/default-user-image.png','08550 Novick Trail',952),(978,2020978,84809,'43815867','Pier Lyndsie','Wickliffe Marple','lmarple47@craigslist.org','687-710-773','https://librenoticias.com/wp-content/uploads/2020/08/default-user-image.png','19 Roth Circle',678),(979,2020979,7189,'72956240','Murray Fredrick','Wickmann Skate','fskateip@nifty.com','976-368-500','https://librenoticias.com/wp-content/uploads/2020/08/default-user-image.png','0022 John Wall Lane',833),(980,2020980,74965,'72900265','Nataline Leodora','Wightman Cheves','lcheveskw@bbc.co.uk','763-703-465','https://librenoticias.com/wp-content/uploads/2020/08/default-user-image.png','765 Burrows Park',1083),(981,2020981,21125,'32523203','Randee Sheelagh','Wilcinskis Steanyng','ssteanyngrc@opera.com','574-708-446','https://librenoticias.com/wp-content/uploads/2020/08/default-user-image.png','3 Northridge Lane',632),(982,2020982,92626,'23235419','Charil Davita','Wilfinger Cashen','dcashenn2@tinypic.com','512-206-587','https://librenoticias.com/wp-content/uploads/2020/08/default-user-image.png','39 Spenser Plaza',395),(983,2020983,61816,'20685880','Barron Alvin','Wimpeney Lalonde','alalonde3v@google.ca','488-651-290','https://librenoticias.com/wp-content/uploads/2020/08/default-user-image.png','110 Old Gate Way',911),(984,2020984,6783,'59247203','Emlyn Sheeree','Wintle Wayon','swayonq8@slideshare.net','439-688-722','https://librenoticias.com/wp-content/uploads/2020/08/default-user-image.png','2 Mesta Trail',1468),(985,2020985,67560,'94085233','Brittney Diann','Wixey Kalinsky','dkalinskyh8@nydailynews.com','425-591-167','https://librenoticias.com/wp-content/uploads/2020/08/default-user-image.png','97714 Columbus Plaza',404),(986,2020986,87920,'55863459','Corrina Roselia','Woolley O\'Corrane','rocorrane85@list-manage.com','159-449-636','https://librenoticias.com/wp-content/uploads/2020/08/default-user-image.png','8652 Bunting Point',259),(987,2020987,62705,'34183223','Talya Beverlie','Woolward Le Noir','blenoir5k@mapy.cz','680-339-232','https://librenoticias.com/wp-content/uploads/2020/08/default-user-image.png','5 Truax Avenue',899),(988,2020988,37897,'94175112','Eugine Dorian','Worlock Gorhardt','dgorhardtps@hugedomains.com','751-171-755','https://librenoticias.com/wp-content/uploads/2020/08/default-user-image.png','362 Fairfield Pass',286),(989,2020989,69605,'91550858','Stafani Orsola','Worms Crosskill','ocrosskilla4@furl.net','177-421-233','https://librenoticias.com/wp-content/uploads/2020/08/default-user-image.png','2 Calypso Point',643),(990,2020990,70502,'18706801','Annetta Addy','Worsham Filipczynski','afilipczynskiof@yahoo.co.jp','110-432-197','https://librenoticias.com/wp-content/uploads/2020/08/default-user-image.png','934 Banding Court',196),(991,2020991,79828,'80214332','Bar Lyon','Wortt Waddy','lwaddyda@sakura.ne.jp','190-726-670','https://librenoticias.com/wp-content/uploads/2020/08/default-user-image.png','0 Mallory Crossing',110),(992,2020992,4205,'64886311','Billie Dionisio','Wyer Vittore','dvittoreo5@linkedin.com','958-942-354','https://librenoticias.com/wp-content/uploads/2020/08/default-user-image.png','67169 North Terrace',1462),(993,2020993,42816,'67822498','Ugo Antone','Wyldish Byng','abyng4g@cpanel.net','458-279-530','https://librenoticias.com/wp-content/uploads/2020/08/default-user-image.png','291 Union Trail',261),(994,2020994,15095,'88518697','Britt Marje','Yackiminie Sweeten','msweetenkh@is.gd','385-784-266','https://librenoticias.com/wp-content/uploads/2020/08/default-user-image.png','157 Nobel Alley',665),(995,2020995,80226,'50889648','Ichabod Duane','Yeskov O\'Kerin','dokerinhv@chron.com','126-883-218','https://librenoticias.com/wp-content/uploads/2020/08/default-user-image.png','3 Eagle Crest Terrace',1330),(996,2020996,50697,'71009852','Antonin Tadeo','Yo Caskey','tcaskeyo3@ovh.net','432-698-217','https://librenoticias.com/wp-content/uploads/2020/08/default-user-image.png','8768 Westport Center',852),(997,2020997,93304,'88982372','Leena Lib','Zaczek Browell','lbrowell4w@cdbaby.com','934-102-824','https://librenoticias.com/wp-content/uploads/2020/08/default-user-image.png','0 Luster Circle',1499),(998,2020998,96960,'65351141','Putnem Erwin','Zarfat Toderbrugge','etoderbruggecv@symantec.com','174-691-822','https://librenoticias.com/wp-content/uploads/2020/08/default-user-image.png','444 Main Trail',786),(999,2020999,32198,'73775797','Bent Birch','Zolini Clohisey','bclohiseydm@vkontakte.ru','345-693-954','https://librenoticias.com/wp-content/uploads/2020/08/default-user-image.png','7 Anniversary Terrace',683),(1000,2021000,15305,'64683283','Omar Murdoch','Zottoli Heynel','mheynelnx@g.co','954-561-611','https://librenoticias.com/wp-content/uploads/2020/08/default-user-image.png','3240 Park Meadow Parkway',1418);
/*!40000 ALTER TABLE `students` ENABLE KEYS */;
UNLOCK TABLES;

--
-- Temporary table structure for view `vw_districts`
--

DROP TABLE IF EXISTS `vw_districts`;
/*!50001 DROP VIEW IF EXISTS `vw_districts`*/;
SET @saved_cs_client     = @@character_set_client;
SET character_set_client = utf8;
/*!50001 CREATE VIEW `vw_districts` AS SELECT 
 1 AS `id`,
 1 AS `name`*/;
SET character_set_client = @saved_cs_client;

--
-- Temporary table structure for view `vw_events_speakers`
--

DROP TABLE IF EXISTS `vw_events_speakers`;
/*!50001 DROP VIEW IF EXISTS `vw_events_speakers`*/;
SET @saved_cs_client     = @@character_set_client;
SET character_set_client = utf8;
/*!50001 CREATE VIEW `vw_events_speakers` AS SELECT 
 1 AS `event_id`,
 1 AS `event_name`,
 1 AS `gender_id`,
 1 AS `names`,
 1 AS `last_names`,
 1 AS `picture_url`*/;
SET character_set_client = @saved_cs_client;

--
-- Temporary table structure for view `vw_events_types`
--

DROP TABLE IF EXISTS `vw_events_types`;
/*!50001 DROP VIEW IF EXISTS `vw_events_types`*/;
SET @saved_cs_client     = @@character_set_client;
SET character_set_client = utf8;
/*!50001 CREATE VIEW `vw_events_types` AS SELECT 
 1 AS `id`,
 1 AS `code`,
 1 AS `name`,
 1 AS `hours`,
 1 AS `picture_url`,
 1 AS `init_date`,
 1 AS `init_hour`,
 1 AS `gift`,
 1 AS `description`,
 1 AS `event_type_id`,
 1 AS `event_type_name`*/;
SET character_set_client = @saved_cs_client;

--
-- Final view structure for view `vw_districts`
--

/*!50001 DROP VIEW IF EXISTS `vw_districts`*/;
/*!50001 SET @saved_cs_client          = @@character_set_client */;
/*!50001 SET @saved_cs_results         = @@character_set_results */;
/*!50001 SET @saved_col_connection     = @@collation_connection */;
/*!50001 SET character_set_client      = utf8 */;
/*!50001 SET character_set_results     = utf8 */;
/*!50001 SET collation_connection      = utf8_general_ci */;
/*!50001 CREATE ALGORITHM=UNDEFINED */
/*!50013 DEFINER=`root`@`localhost` SQL SECURITY DEFINER */
/*!50001 VIEW `vw_districts` AS select `DI`.`id` AS `id`,concat(`DI`.`name`,', ',`PR`.`name`,', ',`DE`.`name`) AS `name` from ((`districts` `DI` join `provinces` `PR` on((`DI`.`province_id` = `PR`.`id`))) join `departments` `DE` on((`PR`.`department_id` = `DE`.`id`))) limit 2000 */;
/*!50001 SET character_set_client      = @saved_cs_client */;
/*!50001 SET character_set_results     = @saved_cs_results */;
/*!50001 SET collation_connection      = @saved_col_connection */;

--
-- Final view structure for view `vw_events_speakers`
--

/*!50001 DROP VIEW IF EXISTS `vw_events_speakers`*/;
/*!50001 SET @saved_cs_client          = @@character_set_client */;
/*!50001 SET @saved_cs_results         = @@character_set_results */;
/*!50001 SET @saved_col_connection     = @@collation_connection */;
/*!50001 SET character_set_client      = utf8 */;
/*!50001 SET character_set_results     = utf8 */;
/*!50001 SET collation_connection      = utf8_general_ci */;
/*!50001 CREATE ALGORITHM=UNDEFINED */
/*!50013 DEFINER=`root`@`localhost` SQL SECURITY DEFINER */
/*!50001 VIEW `vw_events_speakers` AS select `ES`.`event_id` AS `event_id`,`E`.`name` AS `event_name`,`S`.`gender_id` AS `gender_id`,`S`.`names` AS `names`,`S`.`last_names` AS `last_names`,`S`.`picture_url` AS `picture_url` from ((`events_speakers` `ES` join `speakers` `S` on((`ES`.`speaker_id` = `S`.`id`))) join `events` `E` on((`ES`.`event_id` = `E`.`id`))) limit 2000 */;
/*!50001 SET character_set_client      = @saved_cs_client */;
/*!50001 SET character_set_results     = @saved_cs_results */;
/*!50001 SET collation_connection      = @saved_col_connection */;

--
-- Final view structure for view `vw_events_types`
--

/*!50001 DROP VIEW IF EXISTS `vw_events_types`*/;
/*!50001 SET @saved_cs_client          = @@character_set_client */;
/*!50001 SET @saved_cs_results         = @@character_set_results */;
/*!50001 SET @saved_col_connection     = @@collation_connection */;
/*!50001 SET character_set_client      = utf8 */;
/*!50001 SET character_set_results     = utf8 */;
/*!50001 SET collation_connection      = utf8_general_ci */;
/*!50001 CREATE ALGORITHM=UNDEFINED */
/*!50013 DEFINER=`root`@`localhost` SQL SECURITY DEFINER */
/*!50001 VIEW `vw_events_types` AS select `E`.`id` AS `id`,`E`.`code` AS `code`,`E`.`name` AS `name`,`E`.`hours` AS `hours`,`E`.`picture_url` AS `picture_url`,`E`.`init_date` AS `init_date`, `E`.`specialism_id` AS `specialism_id`,`E`.`init_hour` AS `init_hour`,`E`.`gift` AS `gift`,`E`.`description` AS `description`,`E`.`event_type_id` AS `event_type_id`,`ET`.`name` AS `event_type_name` from (`events` `E` join `event_types` `ET` on((`ET`.`id` = `E`.`event_type_id`))) limit 2000 */;
/*!50001 SET character_set_client      = @saved_cs_client */;
/*!50001 SET character_set_results     = @saved_cs_results */;
/*!50001 SET collation_connection      = @saved_col_connection */;
/*!40103 SET TIME_ZONE=@OLD_TIME_ZONE */;

/*!40101 SET SQL_MODE=@OLD_SQL_MODE */;
/*!40014 SET FOREIGN_KEY_CHECKS=@OLD_FOREIGN_KEY_CHECKS */;
/*!40014 SET UNIQUE_CHECKS=@OLD_UNIQUE_CHECKS */;
/*!40101 SET CHARACTER_SET_CLIENT=@OLD_CHARACTER_SET_CLIENT */;
/*!40101 SET CHARACTER_SET_RESULTS=@OLD_CHARACTER_SET_RESULTS */;
/*!40101 SET COLLATION_CONNECTION=@OLD_COLLATION_CONNECTION */;
/*!40111 SET SQL_NOTES=@OLD_SQL_NOTES */;

-- Dump completed on 2020-12-03 17:58:31
